Date,Sg. Golok (m)
1/1/2016,5.45
2/1/2016,5.51
3/1/2016,5.23
4/1/2016,5.03
5/1/2016,4.9
6/1/2016,4.77
7/1/2016,4.66
8/1/2016,4.58
9/1/2016,4.5
10/1/2016,4.44
11/1/2016,4.39
12/1/2016,4.34
13/1/2016,4.29
14/1/2016,4.25
15/1/2016,4.37
16/1/2016,4.35
17/1/2016,5.23
18/1/2016,5.27
19/1/2016,4.79
20/1/2016,4.54
21/1/2016,4.38
22/1/2016,4.39
23/1/2016,4.87
24/1/2016,4.58
25/1/2016,4.39
26/1/2016,4.51
27/1/2016,6.05
28/1/2016,7.89
29/1/2016,8.99
30/1/2016,8.56
31/1/2016,7.3
1/2/2016,6.34
2/2/2016,5.85
3/2/2016,5.62
4/2/2016,5.7
5/2/2016,6.07
6/2/2016,6.55
7/2/2016,6.57
8/2/2016,6.34
9/2/2016,5.96
10/2/2016,5.64
11/2/2016,5.45
12/2/2016,5.27
13/2/2016,5.14
14/2/2016,5.51
15/2/2016,5.23
16/2/2016,5.11
17/2/2016,5.1
18/2/2016,5
19/2/2016,5.11
20/2/2016,5.36
21/2/2016,5.09
22/2/2016,4.92
23/2/2016,4.83
24/2/2016,4.76
25/2/2016,4.7
26/2/2016,4.65
27/2/2016,4.63
28/2/2016,4.94
29/2/2016,5.08
1/3/2016,4.88
2/3/2016,4.72
3/3/2016,4.62
4/3/2016,4.56
5/3/2016,4.51
6/3/2016,4.49
7/3/2016,4.45
8/3/2016,4.42
9/3/2016,4.39
10/3/2016,4.36
11/3/2016,4.34
12/3/2016,4.32
13/3/2016,4.3
14/3/2016,4.27
15/3/2016,4.25
16/3/2016,4.23
17/3/2016,4.2
18/3/2016,4.18
19/3/2016,4.17
20/3/2016,4.15
21/3/2016,4.14
22/3/2016,4.12
23/3/2016,4.1
24/3/2016,4.09
25/3/2016,4.07
26/3/2016,4.13
27/3/2016,4.11
28/3/2016,4.13
29/3/2016,4.16
30/3/2016,3.86
31/3/2016,4.02
1/4/2016,4.05
2/4/2016,4.03
3/4/2016,4
4/4/2016,3.98
5/4/2016,3.97
6/4/2016,3.96
7/4/2016,3.99
8/4/2016,3.98
9/4/2016,3.97
10/4/2016,3.95
11/4/2016,3.94
12/4/2016,3.93
13/4/2016,3.95
14/4/2016,3.97
15/4/2016,3.95
16/4/2016,3.93
17/4/2016,3.94
18/4/2016,3.94
19/4/2016,3.97
20/4/2016,3.96
21/4/2016,3.95
22/4/2016,3.94
23/4/2016,3.93
24/4/2016,3.92
25/4/2016,3.91
26/4/2016,3.89
27/4/2016,3.88
28/4/2016,3.87
29/4/2016,3.86
30/4/2016,4.01
1/5/2016,3.85
2/5/2016,3.84
3/5/2016,3.84
4/5/2016,3.83
5/5/2016,3.83
6/5/2016,3.83
7/5/2016,3.83
8/5/2016,3.85
9/5/2016,3.87
10/5/2016,3.87
11/5/2016,3.84
12/5/2016,3.83
13/5/2016,3.82
14/5/2016,3.81
15/5/2016,3.81
16/5/2016,3.81
17/5/2016,3.81
18/5/2016,3.81
19/5/2016,3.81
20/5/2016,4.15
21/5/2016,4.17
22/5/2016,4.26
23/5/2016,4.14
24/5/2016,4.09
25/5/2016,4.05
26/5/2016,4.06
27/5/2016,4.02
28/5/2016,3.97
29/5/2016,4
30/5/2016,4.96
31/5/2016,5.37
1/6/2016,4.23
2/6/2016,4.23
3/6/2016,4.29
4/6/2016,4.48
5/6/2016,4.28
6/6/2016,4.19
7/6/2016,4.14
8/6/2016,4.31
9/6/2016,4.52
10/6/2016,4.54
11/6/2016,4.42
12/6/2016,4.66
13/6/2016,5.25
14/6/2016,5.53
15/6/2016,5.3
16/6/2016,5.49
17/6/2016,6.74
18/6/2016,6.6
19/6/2016,6.58
20/6/2016,6.54
21/6/2016,5.88
22/6/2016,5.45
23/6/2016,5.2
24/6/2016,5.37
25/6/2016,5.39
26/6/2016,5.17
27/6/2016,5.49
28/6/2016,5.47
29/6/2016,5.19
30/6/2016,6.37
1/7/2016,4.84
2/7/2016,4.76
3/7/2016,4.8
4/7/2016,4.81
5/7/2016,4.72
6/7/2016,4.84
7/7/2016,5.87
8/7/2016,5.76
9/7/2016,5.24
10/7/2016,5
11/7/2016,4.84
12/7/2016,4.74
13/7/2016,4.82
14/7/2016,5.01
15/7/2016,5.16
16/7/2016,5.07
17/7/2016,4.99
18/7/2016,4.91
19/7/2016,5.46
20/7/2016,5.79
21/7/2016,5.73
22/7/2016,5.57
23/7/2016,5.28
24/7/2016,5.11
25/7/2016,5.1
26/7/2016,5.21
27/7/2016,5.79
28/7/2016,6.27
29/7/2016,6.68
30/7/2016,5.69
31/7/2016,6.98
1/8/2016,5.53
2/8/2016,5.29
3/8/2016,5.11
4/8/2016,4.94
5/8/2016,4.85
6/8/2016,4.78
7/8/2016,4.77
8/8/2016,4.89
9/8/2016,5.01
10/8/2016,5.13
11/8/2016,5.44
12/8/2016,5.38
13/8/2016,5.36
14/8/2016,5.24
15/8/2016,5.02
16/8/2016,4.87
17/8/2016,4.76
18/8/2016,4.66
19/8/2016,4.59
20/8/2016,4.56
21/8/2016,4.63
22/8/2016,4.69
23/8/2016,4.72
24/8/2016,4.62
25/8/2016,4.72
26/8/2016,4.83
27/8/2016,4.8
28/8/2016,5.41
29/8/2016,5.92
30/8/2016,4.49
31/8/2016,4.49
1/9/2016,5.28
2/9/2016,5.26
3/9/2016,5.24
4/9/2016,5.75
5/9/2016,6.36
6/9/2016,6.2
7/9/2016,5.73
8/9/2016,5.6
9/9/2016,5.6
10/9/2016,5.82
11/9/2016,5.8
12/9/2016,5.48
13/9/2016,5.27
14/9/2016,5.19
15/9/2016,5.11
16/9/2016,5.21
17/9/2016,5.22
18/9/2016,5.03
19/9/2016,4.9
20/9/2016,4.77
21/9/2016,4.73
22/9/2016,5.23
23/9/2016,5.31
24/9/2016,5.01
25/9/2016,4.84
26/9/2016,4.74
27/9/2016,4.66
28/9/2016,4.58
29/9/2016,4.53
30/9/2016,5.98
1/10/2016,4.44
2/10/2016,4.43
3/10/2016,4.56
4/10/2016,4.72
5/10/2016,4.78
6/10/2016,4.84
7/10/2016,4.9
8/10/2016,4.96
9/10/2016,5.02
10/10/2016,5
11/10/2016,4.87
12/10/2016,4.77
13/10/2016,4.68
14/10/2016,4.67
15/10/2016,4.62
16/10/2016,4.54
17/10/2016,4.45
18/10/2016,4.41
19/10/2016,4.46
20/10/2016,4.65
21/10/2016,5.03
22/10/2016,5.41
23/10/2016,5.55
24/10/2016,5.3
25/10/2016,5.02
26/10/2016,4.87
27/10/2016,5.16
28/10/2016,5.39
29/10/2016,5.33
30/10/2016,5.85
31/10/2016,5.85
1/11/2016,6.05
2/11/2016,5.8
3/11/2016,5.6
4/11/2016,5.54
5/11/2016,5.59
6/11/2016,5.55
7/11/2016,5.49
8/11/2016,5.34
9/11/2016,5.66
10/11/2016,5.91
11/11/2016,5.87
12/11/2016,5.82
13/11/2016,6.11
14/11/2016,5.87
15/11/2016,5.58
16/11/2016,5.91
17/11/2016,6.12
18/11/2016,5.88
19/11/2016,5.75
20/11/2016,5.57
21/11/2016,6.04
22/11/2016,5.94
23/11/2016,5.52
24/11/2016,5.33
25/11/2016,5.26
26/11/2016,5.29
27/11/2016,5.51
28/11/2016,5.45
29/11/2016,5.52
30/11/2016,6.27
1/12/2016,5.98
2/12/2016,7.38
3/12/2016,8.49
4/12/2016,7.98
5/12/2016,7.21
6/12/2016,6.7
7/12/2016,6.67
8/12/2016,6.51
9/12/2016,6.21
10/12/2016,6.29
11/12/2016,6.15
12/12/2016,5.72
13/12/2016,5.34
14/12/2016,5.13
15/12/2016,4.97
16/12/2016,4.74
17/12/2016,4.6
18/12/2016,5.22
19/12/2016,5.82
20/12/2016,6.98
21/12/2016,8.86
22/12/2016,8.99
23/12/2016,8.38
24/12/2016,8.23
25/12/2016,8.67
26/12/2016,8.68
27/12/2016,8.21
28/12/2016,7.45
29/12/2016,6.73
30/12/2016,6.73
31/12/2016,6.73
1/1/2017,9.02
2/1/2017,10.14
3/1/2017,10.33
4/1/2017,10.35
5/1/2017,10.13
6/1/2017,9.83
7/1/2017,9.37
8/1/2017,8.76
9/1/2017,8.04
10/1/2017,7.2
11/1/2017,6.55
12/1/2017,6.11
13/1/2017,5.8
14/1/2017,5.55
15/1/2017,5.32
16/1/2017,5.15
17/1/2017,5.13
18/1/2017,5.34
19/1/2017,6.3
20/1/2017,8.37
21/1/2017,9.99
22/1/2017,10.1
23/1/2017,9.89
24/1/2017,9.59
25/1/2017,9.24
26/1/2017,9.19
27/1/2017,9.41
28/1/2017,9.49
29/1/2017,9.3
30/1/2017,8.62
31/1/2017,7.71
1/2/2017,6.76
2/2/2017,6.21
3/2/2017,5.93
4/2/2017,5.72
5/2/2017,5.67
6/2/2017,5.63
7/2/2017,5.39
8/2/2017,5.2
9/2/2017,5.03
10/2/2017,4.88
11/2/2017,4.8
12/2/2017,4.83
13/2/2017,4.72
14/2/2017,4.68
15/2/2017,4.66
16/2/2017,4.67
17/2/2017,4.65
18/2/2017,4.6
19/2/2017,5.52
20/2/2017,5.54
21/2/2017,5.02
22/2/2017,4.74
23/2/2017,4.58
24/2/2017,4.67
25/2/2017,4.56
26/2/2017,4.53
27/2/2017,5.51
28/2/2017,6.19
1/3/2017,5.68
2/3/2017,5.55
3/3/2017,5.48
4/3/2017,5.18
5/3/2017,4.93
6/3/2017,4.74
7/3/2017,4.61
8/3/2017,4.49
9/3/2017,4.39
10/3/2017,4.31
11/3/2017,4.24
12/3/2017,4.17
13/3/2017,4.11
14/3/2017,4.06
15/3/2017,4.02
16/3/2017,4.03
17/3/2017,3.97
18/3/2017,3.93
19/3/2017,3.9
20/3/2017,3.92
21/3/2017,4.31
22/3/2017,4.36
23/3/2017,4.05
24/3/2017,3.84
25/3/2017,3.72
26/3/2017,3.66
27/3/2017,3.69
28/3/2017,3.74
29/3/2017,3.71
30/3/2017,3.68
31/3/2017,5.36
1/4/2017,4.15
2/4/2017,4.92
3/4/2017,6.13
4/4/2017,6.56
5/4/2017,5.74
6/4/2017,5.28
7/4/2017,5.02
8/4/2017,5.1
9/4/2017,5.07
10/4/2017,4.82
11/4/2017,5.09
12/4/2017,4.9
13/4/2017,4.6
14/4/2017,4.6
15/4/2017,4.36
16/4/2017,4.19
17/4/2017,4.06
18/4/2017,3.96
19/4/2017,4.21
20/4/2017,4.32
21/4/2017,4.16
22/4/2017,3.94
23/4/2017,4
24/4/2017,4
25/4/2017,4.05
26/4/2017,4.03
27/4/2017,3.84
28/4/2017,3.76
29/4/2017,5.04
30/4/2017,4.97
1/5/2017,3.65
2/5/2017,3.58
3/5/2017,3.54
4/5/2017,3.5
5/5/2017,3.48
6/5/2017,3.63
7/5/2017,3.6
8/5/2017,3.58
9/5/2017,3.52
10/5/2017,3.57
11/5/2017,3.55
12/5/2017,3.62
13/5/2017,4.02
14/5/2017,3.9
15/5/2017,4.74
16/5/2017,4.83
17/5/2017,4.32
18/5/2017,4.9
19/5/2017,6.29
20/5/2017,6.41
21/5/2017,6.25
22/5/2017,6.11
23/5/2017,6.06
24/5/2017,6.43
25/5/2017,7.02
26/5/2017,6.31
27/5/2017,5.74
28/5/2017,5.35
29/5/2017,4.4
30/5/2017,4.45
31/5/2017,5.45
1/6/2017,5.43
2/6/2017,4.85
3/6/2017,5.23
4/6/2017,5.27
5/6/2017,5.08
6/6/2017,5.18
7/6/2017,5.2
8/6/2017,4.97
9/6/2017,4.67
10/6/2017,4.52
11/6/2017,4.5
12/6/2017,5
13/6/2017,4.8
14/6/2017,4.95
15/6/2017,5.01
16/6/2017,4.58
17/6/2017,4.33
18/6/2017,4.17
19/6/2017,4.03
20/6/2017,4.12
21/6/2017,4.16
22/6/2017,4.6
23/6/2017,4.53
24/6/2017,4.24
25/6/2017,4.49
26/6/2017,4.42
27/6/2017,4.24
28/6/2017,4.26
29/6/2017,5.24
30/6/2017,5
1/7/2017,4.38
2/7/2017,5.11
3/7/2017,5.99
4/7/2017,6.43
5/7/2017,6.76
6/7/2017,6.91
7/7/2017,6.21
8/7/2017,6.03
9/7/2017,6.09
10/7/2017,5.59
11/7/2017,5.24
12/7/2017,5.23
13/7/2017,6.01
14/7/2017,6.88
15/7/2017,6.74
16/7/2017,5.84
17/7/2017,5.31
18/7/2017,4.96
19/7/2017,4.72
20/7/2017,4.48
21/7/2017,4.34
22/7/2017,4.16
23/7/2017,4.1
24/7/2017,4.32
25/7/2017,4.69
26/7/2017,4.85
27/7/2017,5.87
28/7/2017,5.76
29/7/2017,5.49
30/7/2017,5.47
31/7/2017,7.97
1/8/2017,4.74
2/8/2017,4.82
3/8/2017,5.01
4/8/2017,5.16
5/8/2017,5.07
6/8/2017,4.99
7/8/2017,4.91
8/8/2017,5.46
9/8/2017,5.79
10/8/2017,5.73
11/8/2017,5.57
12/8/2017,5.28
13/8/2017,5.4
14/8/2017,5.39
15/8/2017,5.3
16/8/2017,5.03
17/8/2017,4.78
18/8/2017,4.56
19/8/2017,4.36
20/8/2017,4.18
21/8/2017,4.07
22/8/2017,4.57
23/8/2017,4.74
24/8/2017,4.77
25/8/2017,4.8
26/8/2017,5.59
27/8/2017,5.5
28/8/2017,5.28
29/8/2017,6.56
30/8/2017,6.83
31/8/2017,6.83
1/9/2017,5.43
2/9/2017,5.34
3/9/2017,4.97
4/9/2017,5.11
5/9/2017,4.83
6/9/2017,4.87
7/9/2017,5.01
8/9/2017,5.04
9/9/2017,4.73
10/9/2017,4.49
11/9/2017,4.86
12/9/2017,4.95
13/9/2017,5.03
14/9/2017,5.12
15/9/2017,5.17
16/9/2017,4.9
17/9/2017,4.66
18/9/2017,5.43
19/9/2017,5.34
20/9/2017,5.45
21/9/2017,5.07
22/9/2017,4.64
23/9/2017,4.41
24/9/2017,4.26
25/9/2017,4.23
26/9/2017,4.36
27/9/2017,5.58
28/9/2017,6.78
29/9/2017,4.01
30/9/2017,4.02
1/10/2017,6.6
2/10/2017,6.63
3/10/2017,6.24
4/10/2017,6.02
5/10/2017,6.4
6/10/2017,6.06
7/10/2017,5.55
8/10/2017,5.25
9/10/2017,4.99
10/10/2017,5.5
11/10/2017,6.15
12/10/2017,5.99
13/10/2017,5.82
14/10/2017,5.5
15/10/2017,5.16
16/10/2017,4.95
17/10/2017,4.75
18/10/2017,4.56
19/10/2017,4.4
20/10/2017,4.37
21/10/2017,4.28
22/10/2017,4.3
23/10/2017,4.69
24/10/2017,4.68
25/10/2017,4.68
26/10/2017,4.48
27/10/2017,4.23
28/10/2017,4.08
29/10/2017,9.99
30/10/2017,9.91
31/10/2017,9.91
1/11/2017,4.19
2/11/2017,4.07
3/11/2017,4.08
4/11/2017,4.27
5/11/2017,4.44
6/11/2017,4.48
7/11/2017,4.71
8/11/2017,5.37
9/11/2017,5.54
10/11/2017,5.21
11/11/2017,4.83
12/11/2017,5.01
13/11/2017,4.91
14/11/2017,4.96
15/11/2017,5.17
16/11/2017,4.92
17/11/2017,4.76
18/11/2017,4.71
19/11/2017,4.67
20/11/2017,4.71
21/11/2017,4.78
22/11/2017,4.92
23/11/2017,5.07
24/11/2017,5.37
25/11/2017,6.03
26/11/2017,7
27/11/2017,8.73
28/11/2017,9.7
29/11/2017,5.26
30/11/2017,7.45
1/12/2017,10.27
2/12/2017,10.31
3/12/2017,10.19
4/12/2017,9.8
5/12/2017,9.15
6/12/2017,8.55
7/12/2017,8.29
8/12/2017,8.15
9/12/2017,7.87
10/12/2017,7.59
11/12/2017,7.2
12/12/2017,6.72
13/12/2017,6.38
14/12/2017,6.08
15/12/2017,5.73
16/12/2017,5.58
17/12/2017,5.41
18/12/2017,5.11
19/12/2017,4.77
20/12/2017,4.65
21/12/2017,4.59
22/12/2017,4.57
23/12/2017,4.61
24/12/2017,5.19
25/12/2017,5.16
26/12/2017,4.78
27/12/2017,4.57
28/12/2017,4.45
29/12/2017,4.45
30/12/2017,4.45
31/12/2017,4.45
1/1/2018,7.52
2/1/2018,7.53
3/1/2018,7.8
4/1/2018,8.26
5/1/2018,8.42
6/1/2018,8.02
7/1/2018,7.12
8/1/2018,6.47
9/1/2018,6.87
10/1/2018,6.64
11/1/2018,6.32
12/1/2018,6.94
13/1/2018,8.63
14/1/2018,9.14
15/1/2018,8.55
16/1/2018,7.45
17/1/2018,6.61
18/1/2018,6.1
19/1/2018,5.83
20/1/2018,6.06
21/1/2018,6.45
22/1/2018,6.3
23/1/2018,6.05
24/1/2018,6.49
25/1/2018,6.29
26/1/2018,5.9
27/1/2018,5.76
28/1/2018,5.62
29/1/2018,5.41
30/1/2018,5.05
31/1/2018,4.69
1/2/2018,4.54
2/2/2018,4.48
3/2/2018,4.52
4/2/2018,4.38
5/2/2018,4.3
6/2/2018,4.21
7/2/2018,4.14
8/2/2018,4.08
9/2/2018,4.02
10/2/2018,3.97
11/2/2018,3.91
12/2/2018,3.85
13/2/2018,3.81
14/2/2018,3.9
15/2/2018,4
16/2/2018,3.86
17/2/2018,3.79
18/2/2018,3.73
19/2/2018,3.71
20/2/2018,3.74
21/2/2018,3.71
22/2/2018,3.65
23/2/2018,3.64
24/2/2018,4.26
25/2/2018,5.09
26/2/2018,4.39
27/2/2018,4.05
28/2/2018,3.89
1/3/2018,3.79
2/3/2018,3.74
3/3/2018,3.68
4/3/2018,3.63
5/3/2018,3.59
6/3/2018,3.55
7/3/2018,3.52
8/3/2018,3.72
9/3/2018,3.82
10/3/2018,3.73
11/3/2018,3.74
12/3/2018,3.61
13/3/2018,3.54
14/3/2018,3.5
15/3/2018,3.47
16/3/2018,3.79
17/3/2018,4.23
18/3/2018,4.1
19/3/2018,3.79
20/3/2018,3.62
21/3/2018,3.54
22/3/2018,3.48
23/3/2018,3.45
24/3/2018,3.46
25/3/2018,3.45
26/3/2018,3.41
27/3/2018,3.37
28/3/2018,3.35
29/3/2018,4.17
30/3/2018,4.1
31/3/2018,4.14
1/4/2018,3.41
2/4/2018,3.38
3/4/2018,3.36
4/4/2018,3.36
5/4/2018,3.34
6/4/2018,3.33
7/4/2018,3.32
8/4/2018,3.3
9/4/2018,3.3
10/4/2018,3.37
11/4/2018,3.43
12/4/2018,3.4
13/4/2018,3.36
14/4/2018,3.32
15/4/2018,3.4
16/4/2018,3.41
17/4/2018,3.34
18/4/2018,3.3
19/4/2018,3.28
20/4/2018,3.27
21/4/2018,3.27
22/4/2018,3.25
23/4/2018,3.25
24/4/2018,3.23
25/4/2018,3.67
26/4/2018,4.13
27/4/2018,3.96
28/4/2018,4.12
29/4/2018,4.31
30/4/2018,4.17
1/5/2018,4.16
2/5/2018,4.15
3/5/2018,4.2
4/5/2018,4.24
5/5/2018,4.25
6/5/2018,4.19
7/5/2018,4.11
8/5/2018,4.14
9/5/2018,4.17
10/5/2018,4.14
11/5/2018,4.22
12/5/2018,4.25
13/5/2018,4.29
14/5/2018,4.28
15/5/2018,4.26
16/5/2018,4.29
17/5/2018,4.24
18/5/2018,4.28
19/5/2018,4.32
20/5/2018,4.31
21/5/2018,4.27
22/5/2018,4.23
23/5/2018,4.18
24/5/2018,4.2
25/5/2018,4.14
26/5/2018,4.16
27/5/2018,4.18
28/5/2018,4.33
29/5/2018,4.63
30/5/2018,4.61
31/5/2018,4.8
1/6/2018,4.12
2/6/2018,4.13
3/6/2018,4.25
4/6/2018,4.24
5/6/2018,4.3
6/6/2018,4.36
7/6/2018,4.34
8/6/2018,4.22
9/6/2018,4.27
10/6/2018,4.35
11/6/2018,4.21
12/6/2018,4.27
13/6/2018,4.33
14/6/2018,4.4
15/6/2018,4.44
16/6/2018,4.37
17/6/2018,4.25
18/6/2018,4.17
19/6/2018,4.18
20/6/2018,4.27
21/6/2018,4.25
22/6/2018,4.27
23/6/2018,4.69
24/6/2018,4.69
25/6/2018,4.69
26/6/2018,4.69
27/6/2018,4.69
28/6/2018,4.69
29/6/2018,4.58
30/6/2018,4.64
1/7/2018,4.62
2/7/2018,4.55
3/7/2018,4.55
4/7/2018,4.55
5/7/2018,4.65
6/7/2018,4.6
7/7/2018,4.68
8/7/2018,4.75
9/7/2018,4.68
10/7/2018,4.6
11/7/2018,4.76
12/7/2018,4.85
13/7/2018,4.88
14/7/2018,4.85
15/7/2018,4.82
16/7/2018,4.85
17/7/2018,4.86
18/7/2018,4.91
19/7/2018,4.86
20/7/2018,4.79
21/7/2018,4.7
22/7/2018,4.83
23/7/2018,4.84
24/7/2018,4.63
25/7/2018,4.65
26/7/2018,4.69
27/7/2018,4.6
28/7/2018,4.57
29/7/2018,4.65
30/7/2018,4.84
31/7/2018,5.55
1/8/2018,4.75
2/8/2018,4.78
3/8/2018,4.87
4/8/2018,4.9
5/8/2018,4.92
6/8/2018,4.86
7/8/2018,4.75
8/8/2018,4.77
9/8/2018,4.78
10/8/2018,4.74
11/8/2018,4.82
12/8/2018,4.86
13/8/2018,4.88
14/8/2018,4.91
15/8/2018,4.88
16/8/2018,4.87
17/8/2018,4.95
18/8/2018,4.97
19/8/2018,4.86
20/8/2018,4.71
21/8/2018,4.78
22/8/2018,4.72
23/8/2018,4.76
24/8/2018,4.87
25/8/2018,4.85
26/8/2018,4.85
27/8/2018,4.85
28/8/2018,4.79
29/8/2018,5.25
30/8/2018,5.35
31/8/2018,4.73
1/9/2018,4.78
2/9/2018,4.75
3/9/2018,4.6
4/9/2018,4.66
5/9/2018,4.76
6/9/2018,4.69
7/9/2018,4.59
8/9/2018,4.62
9/9/2018,4.63
10/9/2018,4.61
11/9/2018,4.83
12/9/2018,4.99
13/9/2018,5
14/9/2018,5.01
15/9/2018,5.12
16/9/2018,5.11
17/9/2018,4.93
18/9/2018,5.09
19/9/2018,5.19
20/9/2018,5.05
21/9/2018,5.04
22/9/2018,5.14
23/9/2018,5.23
24/9/2018,5.18
25/9/2018,5.12
26/9/2018,5.18
27/9/2018,5.23
28/9/2018,4.19
29/9/2018,4.39
30/9/2018,4.39
1/10/2018,5.38
2/10/2018,5.35
3/10/2018,5.27
4/10/2018,5.21
5/10/2018,5.13
6/10/2018,5.14
7/10/2018,5.08
8/10/2018,5.09
9/10/2018,5.06
10/10/2018,5.1
11/10/2018,5.07
12/10/2018,5.01
13/10/2018,5.41
14/10/2018,5.08
15/10/2018,4.76
16/10/2018,4.64
17/10/2018,5
18/10/2018,5.25
19/10/2018,5.13
20/10/2018,4.82
21/10/2018,4.97
22/10/2018,5.55
23/10/2018,5.24
24/10/2018,5.02
25/10/2018,4.98
26/10/2018,4.65
27/10/2018,4.5
28/10/2018,4.34
29/10/2018,4.31
30/10/2018,4.6
31/10/2018,4.6
1/11/2018,4.63
2/11/2018,4.85
3/11/2018,6.62
4/11/2018,7.21
5/11/2018,6.8
6/11/2018,7.46
7/11/2018,7.67
8/11/2018,7.46
9/11/2018,7.59
10/11/2018,7.49
11/11/2018,7.1
12/11/2018,6.86
13/11/2018,6.21
14/11/2018,5.88
15/11/2018,5.64
16/11/2018,5.5
17/11/2018,5.32
18/11/2018,5.39
19/11/2018,5.83
20/11/2018,6.27
21/11/2018,5.89
22/11/2018,5.43
23/11/2018,5.19
24/11/2018,4.99
25/11/2018,4.8
26/11/2018,5.46
27/11/2018,5.41
28/11/2018,4.76
29/11/2018,6.96
30/11/2018,6.03
1/12/2018,5.05
2/12/2018,5.33
3/12/2018,5.07
4/12/2018,5.82
5/12/2018,6.25
6/12/2018,7.14
7/12/2018,7.57
8/12/2018,6.97
9/12/2018,6.22
10/12/2018,6.07
11/12/2018,6.32
12/12/2018,6.73
13/12/2018,7.68
14/12/2018,8.22
15/12/2018,8.25
16/12/2018,8.59
17/12/2018,8.81
18/12/2018,8.64
19/12/2018,8.28
20/12/2018,7.61
21/12/2018,6.94
22/12/2018,6.43
23/12/2018,6.06
24/12/2018,5.78
25/12/2018,5.56
26/12/2018,5.39
27/12/2018,5.34
28/12/2018,6.26
29/12/2018,6.26
30/12/2018,6.26
31/12/2018,6.26
1/1/2019,5.57
2/1/2019,5.6
3/1/2019,5.55
4/1/2019,6.2
5/1/2019,5.91
6/1/2019,5.7
7/1/2019,6.02
8/1/2019,6.04
9/1/2019,5.99
10/1/2019,6.02
11/1/2019,5.98
12/1/2019,6.16
13/1/2019,6.23
14/1/2019,6.58
15/1/2019,6.12
16/1/2019,5.76
17/1/2019,6.24
18/1/2019,7.06
19/1/2019,6.9
20/1/2019,6.43
21/1/2019,6.02
22/1/2019,5.71
23/1/2019,5.45
24/1/2019,5.28
25/1/2019,5.12
26/1/2019,4.96
27/1/2019,4.83
28/1/2019,4.72
29/1/2019,4.67
30/1/2019,4.64
31/1/2019,4.57
1/2/2019,4.47
2/2/2019,4.42
3/2/2019,4.53
4/2/2019,4.75
5/2/2019,4.59
6/2/2019,4.41
7/2/2019,4.31
8/2/2019,4.23
9/2/2019,4.17
10/2/2019,4.12
11/2/2019,4.06
12/2/2019,4.02
13/2/2019,4.01
14/2/2019,4.29
15/2/2019,4.36
16/2/2019,4.17
17/2/2019,4.07
18/2/2019,4
19/2/2019,3.96
20/2/2019,4.02
21/2/2019,4
22/2/2019,3.94
23/2/2019,3.89
24/2/2019,3.85
25/2/2019,3.82
26/2/2019,3.8
27/2/2019,3.78
28/2/2019,3.7
1/3/2019,3.61
2/3/2019,3.58
3/3/2019,3.57
4/3/2019,3.55
5/3/2019,3.53
6/3/2019,3.51
7/3/2019,3.48
8/3/2019,3.47
9/3/2019,3.45
10/3/2019,3.43
11/3/2019,3.41
12/3/2019,3.4
13/3/2019,3.37
14/3/2019,3.35
15/3/2019,3.34
16/3/2019,3.33
17/3/2019,3.32
18/3/2019,3.31
19/3/2019,3.29
20/3/2019,3.28
21/3/2019,3.26
22/3/2019,3.25
23/3/2019,3.24
24/3/2019,3.24
25/3/2019,3.22
26/3/2019,3.22
27/3/2019,3.25
28/3/2019,3.22
29/3/2019,3.35
30/3/2019,3.39
31/3/2019,4.47
1/4/2019,3.84
2/4/2019,4.36
3/4/2019,4.25
4/4/2019,3.88
5/4/2019,3.72
6/4/2019,3.6
7/4/2019,3.51
8/4/2019,3.45
9/4/2019,3.42
10/4/2019,3.38
11/4/2019,3.35
12/4/2019,3.44
13/4/2019,3.45
14/4/2019,3.4
15/4/2019,3.36
16/4/2019,3.34
17/4/2019,3.32
18/4/2019,3.29
19/4/2019,3.27
20/4/2019,3.24
21/4/2019,3.22
22/4/2019,3.21
23/4/2019,3.19
24/4/2019,3.2
25/4/2019,3.23
26/4/2019,3.21
27/4/2019,3.21
28/4/2019,3.24
29/4/2019,4.57
30/4/2019,5.04
1/5/2019,3.62
2/5/2019,3.58
3/5/2019,3.53
4/5/2019,3.45
5/5/2019,3.43
6/5/2019,3.47
7/5/2019,3.39
8/5/2019,3.33
9/5/2019,3.28
10/5/2019,3.25
11/5/2019,3.22
12/5/2019,3.21
13/5/2019,3.2
14/5/2019,3.23
15/5/2019,3.61
16/5/2019,3.96
17/5/2019,3.94
18/5/2019,3.92
19/5/2019,3.87
20/5/2019,4.05
21/5/2019,4.1
22/5/2019,3.96
23/5/2019,3.93
24/5/2019,3.9
25/5/2019,4.23
26/5/2019,5.02
27/5/2019,4.7
28/5/2019,4.37
29/5/2019,4.35
30/5/2019,4.46
31/5/2019,4.23
1/6/2019,4.28
2/6/2019,4.13
3/6/2019,4.01
4/6/2019,3.92
5/6/2019,3.86
6/6/2019,4.39
7/6/2019,5.48
8/6/2019,5.09
9/6/2019,5.6
10/6/2019,6.45
11/6/2019,6.05
12/6/2019,5.67
13/6/2019,6.11
14/6/2019,6.03
15/6/2019,5.44
16/6/2019,5.15
17/6/2019,5.18
18/6/2019,5.39
19/6/2019,5.52
20/6/2019,5.31
21/6/2019,5.1
22/6/2019,4.86
23/6/2019,4.81
24/6/2019,4.86
25/6/2019,4.74
26/6/2019,4.64
27/6/2019,4.81
28/6/2019,4.72
29/6/2019,4.34
30/6/2019,4.04
1/7/2019,4.8
2/7/2019,4.5
3/7/2019,4.23
4/7/2019,4.04
5/7/2019,3.89
6/7/2019,3.81
7/7/2019,3.8
8/7/2019,3.89
9/7/2019,3.93
10/7/2019,3.91
11/7/2019,3.83
12/7/2019,4.52
13/7/2019,4.91
14/7/2019,5.03
15/7/2019,4.89
16/7/2019,4.44
17/7/2019,4.22
18/7/2019,4.09
19/7/2019,4.13
20/7/2019,4.26
21/7/2019,4.16
22/7/2019,4.12
23/7/2019,3.96
24/7/2019,3.96
25/7/2019,4.44
26/7/2019,4.58
27/7/2019,4.55
28/7/2019,4.75
29/7/2019,4.6
30/7/2019,4.4
31/7/2019,5.26
1/8/2019,3.76
2/8/2019,3.67
3/8/2019,3.6
4/8/2019,3.53
5/8/2019,3.48
6/8/2019,3.42
7/8/2019,3.38
8/8/2019,3.36
9/8/2019,3.33
10/8/2019,3.31
11/8/2019,3.31
12/8/2019,3.73
13/8/2019,4.2
14/8/2019,4.16
15/8/2019,4.64
16/8/2019,4.59
17/8/2019,4.58
18/8/2019,4.99
19/8/2019,4.99
20/8/2019,4.43
21/8/2019,4.42
22/8/2019,4.56
23/8/2019,4.41
24/8/2019,5.29
25/8/2019,6.28
26/8/2019,5.94
27/8/2019,5.35
28/8/2019,4.9
29/8/2019,4.46
30/8/2019,4.32
31/8/2019,4.32
1/9/2019,4.22
2/9/2019,4.22
3/9/2019,4.14
4/9/2019,4.2
5/9/2019,4.61
6/9/2019,4.5
7/9/2019,4.24
8/9/2019,4.51
9/9/2019,5.54
10/9/2019,6.59
11/9/2019,6.19
12/9/2019,5.73
13/9/2019,5.46
14/9/2019,5.39
15/9/2019,5.1
16/9/2019,4.94
17/9/2019,4.69
18/9/2019,4.62
19/9/2019,4.45
20/9/2019,4.46
21/9/2019,4.39
22/9/2019,4.76
23/9/2019,4.84
24/9/2019,4.54
25/9/2019,4.56
26/9/2019,4.62
27/9/2019,4.57
28/9/2019,4.45
29/9/2019,4.57
30/9/2019,4.39
1/10/2019,4.17
2/10/2019,4.25
3/10/2019,4.7
4/10/2019,4.91
5/10/2019,4.75
6/10/2019,4.86
7/10/2019,5.17
8/10/2019,4.97
9/10/2019,4.76
10/10/2019,4.63
11/10/2019,5.28
12/10/2019,5.23
13/10/2019,5.47
14/10/2019,5.27
15/10/2019,4.95
16/10/2019,4.91
17/10/2019,4.7
18/10/2019,4.87
19/10/2019,4.64
20/10/2019,4.54
21/10/2019,4.36
22/10/2019,4.33
23/10/2019,4.24
24/10/2019,4.75
25/10/2019,5.58
26/10/2019,5.44
27/10/2019,4.83
28/10/2019,4.58
29/10/2019,7.69
30/10/2019,8.98
31/10/2019,8.98
1/11/2019,4.61
2/11/2019,4.69
3/11/2019,4.89
4/11/2019,4.91
5/11/2019,5.44
6/11/2019,6.04
7/11/2019,6.63
8/11/2019,6.85
9/11/2019,7.09
10/11/2019,7.02
11/11/2019,6.93
12/11/2019,6.76
13/11/2019,6.64
14/11/2019,6.8
15/11/2019,6.71
16/11/2019,6.47
17/11/2019,6.24
18/11/2019,5.94
19/11/2019,5.74
20/11/2019,5.68
21/11/2019,5.52
22/11/2019,5.77
23/11/2019,6.09
24/11/2019,6.15
25/11/2019,5.87
26/11/2019,6.04
27/11/2019,6.04
28/11/2019,6.6
29/11/2019,5.57
30/11/2019,5.39
1/12/2019,10.27
2/12/2019,10.57
3/12/2019,10.55
4/12/2019,10.42
5/12/2019,10.06
6/12/2019,9.45
7/12/2019,8.73
8/12/2019,7.92
9/12/2019,7.75
10/12/2019,7.63
11/12/2019,7.32
12/12/2019,6.94
13/12/2019,6.59
14/12/2019,6.33
15/12/2019,6.38
16/12/2019,6.42
17/12/2019,6.79
18/12/2019,8.31
19/12/2019,10.55
20/12/2019,10.69
21/12/2019,10.43
22/12/2019,9.65
23/12/2019,8.68
24/12/2019,7.58
25/12/2019,6.8
26/12/2019,6.33
27/12/2019,6.01
28/12/2019,5.75
29/12/2019,5.75
30/12/2019,5.75
31/12/2019,5.75
1/1/2020,5.13
2/1/2020,5.02
3/1/2020,4.98
4/1/2020,5
5/1/2020,4.87
6/1/2020,4.76
7/1/2020,4.68
8/1/2020,4.63
9/1/2020,4.74
10/1/2020,4.59
11/1/2020,4.48
12/1/2020,4.41
13/1/2020,4.36
14/1/2020,4.32
15/1/2020,4.27
16/1/2020,4.23
17/1/2020,4.18
18/1/2020,4.19
19/1/2020,4.43
20/1/2020,5.1
21/1/2020,4.98
22/1/2020,4.53
23/1/2020,4.19
24/1/2020,4.07
25/1/2020,3.95
26/1/2020,3.86
27/1/2020,3.8
28/1/2020,3.77
29/1/2020,3.71
30/1/2020,3.66
31/1/2020,3.62
1/2/2020,3.61
2/2/2020,3.8
3/2/2020,3.76
4/2/2020,3.65
5/2/2020,3.58
6/2/2020,3.54
7/2/2020,3.52
8/2/2020,3.5
9/2/2020,3.47
10/2/2020,3.55
11/2/2020,5.2
12/2/2020,6.93
13/2/2020,6.98
14/2/2020,5.99
15/2/2020,5.33
16/2/2020,4.93
17/2/2020,4.63
18/2/2020,4.57
19/2/2020,4.7
20/2/2020,4.4
21/2/2020,4.22
22/2/2020,4.12
23/2/2020,4.08
24/2/2020,4.36
25/2/2020,4.26
26/2/2020,4.06
27/2/2020,3.93
28/2/2020,3.85
29/2/2020,3.79
1/3/2020,3.73
2/3/2020,3.68
3/3/2020,3.62
4/3/2020,3.6
5/3/2020,3.56
6/3/2020,3.55
7/3/2020,3.66
8/3/2020,3.7
9/3/2020,3.57
10/3/2020,3.5
11/3/2020,3.47
12/3/2020,3.42
13/3/2020,3.38
14/3/2020,3.37
15/3/2020,3.37
16/3/2020,3.37
17/3/2020,3.35
18/3/2020,3.31
19/3/2020,3.3
20/3/2020,3.28
21/3/2020,3.26
22/3/2020,3.24
23/3/2020,3.49
24/3/2020,3.79
25/3/2020,3.62
26/3/2020,3.46
27/3/2020,3.36
28/3/2020,3.31
29/3/2020,3.27
30/3/2020,3.27
31/3/2020,3.67
1/4/2020,3.2
2/4/2020,3.2
3/4/2020,3.35
4/4/2020,3.42
5/4/2020,3.29
6/4/2020,3.24
7/4/2020,3.21
8/4/2020,3.19
9/4/2020,3.16
10/4/2020,3.14
11/4/2020,3.13
12/4/2020,3.11
13/4/2020,3.08
14/4/2020,3.05
15/4/2020,3.06
16/4/2020,3.05
17/4/2020,3.04
18/4/2020,3.03
19/4/2020,3.02
20/4/2020,3.01
21/4/2020,3.01
22/4/2020,3
23/4/2020,3
24/4/2020,3.04
25/4/2020,3.11
26/4/2020,3.13
27/4/2020,3.22
28/4/2020,3.24
29/4/2020,3.25
30/4/2020,3.69
1/5/2020,3.28
2/5/2020,3.3
3/5/2020,3.27
4/5/2020,3.18
5/5/2020,3.41
6/5/2020,3.69
7/5/2020,3.37
8/5/2020,3.32
9/5/2020,3.42
10/5/2020,3.39
11/5/2020,3.27
12/5/2020,3.19
13/5/2020,3.24
14/5/2020,3.34
15/5/2020,3.4
16/5/2020,3.48
17/5/2020,3.96
18/5/2020,3.48
19/5/2020,3.42
20/5/2020,3.4
21/5/2020,4.01
22/5/2020,4.25
23/5/2020,4.22
24/5/2020,4.11
25/5/2020,3.94
26/5/2020,3.79
27/5/2020,4.12
28/5/2020,3.91
29/5/2020,3.79
30/5/2020,4.69
31/5/2020,4.69
1/6/2020,3.79
2/6/2020,4.38
3/6/2020,4.51
4/6/2020,4.88
5/6/2020,5.03
6/6/2020,5.23
7/6/2020,5.43
8/6/2020,5.41
9/6/2020,5.3
10/6/2020,5.39
11/6/2020,5.7
12/6/2020,5.1
13/6/2020,5.41
14/6/2020,5.1
15/6/2020,4.85
16/6/2020,5.29
17/6/2020,5.42
18/6/2020,5.08
19/6/2020,4.85
20/6/2020,5.14
21/6/2020,5.8
22/6/2020,5.79
23/6/2020,6.06
24/6/2020,5.84
25/6/2020,5.75
26/6/2020,5.63
27/6/2020,5.35
28/6/2020,5.09
29/6/2020,4.87
30/6/2020,4.99
1/7/2020,4.98
2/7/2020,5.07
3/7/2020,5.08
4/7/2020,5.25
5/7/2020,5.04
6/7/2020,4.68
7/7/2020,4.48
8/7/2020,4.43
9/7/2020,4.42
10/7/2020,4.38
11/7/2020,4.43
12/7/2020,5.35
13/7/2020,5.85
14/7/2020,5.63
15/7/2020,5.24
16/7/2020,4.96
17/7/2020,4.84
18/7/2020,4.94
19/7/2020,4.92
20/7/2020,4.66
21/7/2020,4.58
22/7/2020,4.37
23/7/2020,4.16
24/7/2020,4.29
25/7/2020,4.39
26/7/2020,4.37
27/7/2020,4.56
28/7/2020,4.8
29/7/2020,4.87
30/7/2020,4.87
31/7/2020,6.16
1/8/2020,4.89
2/8/2020,4.51
3/8/2020,4.26
4/8/2020,4.1
5/8/2020,3.97
6/8/2020,3.91
7/8/2020,3.87
8/8/2020,3.92
9/8/2020,3.91
10/8/2020,3.8
11/8/2020,3.78
12/8/2020,4.16
13/8/2020,4.42
14/8/2020,5.28
15/8/2020,5.38
16/8/2020,4.68
17/8/2020,4.81
18/8/2020,4.81
19/8/2020,4.81
20/8/2020,4.81
21/8/2020,4.81
22/8/2020,4.81
23/8/2020,4.81
24/8/2020,4.81
25/8/2020,4.81
26/8/2020,4.81
27/8/2020,4.81
28/8/2020,4.81
29/8/2020,4.81
30/8/2020,4.81
31/8/2020,4.81
1/9/2020,?
2/9/2020,?
3/9/2020,?
4/9/2020,?
5/9/2020,?
6/9/2020,?
7/9/2020,?
8/9/2020,?
9/9/2020,?
10/9/2020,?
11/9/2020,?
12/9/2020,?
13/9/2020,?
14/9/2020,?
15/9/2020,?
16/9/2020,?
17/9/2020,?
18/9/2020,?
19/9/2020,?
20/9/2020,?
21/9/2020,?
22/9/2020,?
23/9/2020,?
24/9/2020,?
25/9/2020,?
26/9/2020,?
27/9/2020,?
28/9/2020,?
29/9/2020,?
30/9/2020,?
1/10/2020,?
2/10/2020,?
3/10/2020,?
4/10/2020,?
5/10/2020,?
6/10/2020,?
7/10/2020,?
8/10/2020,?
9/10/2020,?
10/10/2020,?
11/10/2020,?
12/10/2020,?
13/10/2020,?
14/10/2020,?
15/10/2020,?
16/10/2020,?
17/10/2020,?
18/10/2020,?
19/10/2020,?
20/10/2020,?
21/10/2020,?
22/10/2020,?
23/10/2020,?
24/10/2020,?
25/10/2020,?
26/10/2020,?
27/10/2020,?
28/10/2020,?
29/10/2020,?
30/10/2020,9.37
31/10/2020,9.37
1/11/2020,6.11
2/11/2020,6.11
3/11/2020,6.11
4/11/2020,6.11
5/11/2020,6.11
6/11/2020,6.11
7/11/2020,6.11
8/11/2020,6.11
9/11/2020,6.11
10/11/2020,6.11
11/11/2020,6.11
12/11/2020,6.11
13/11/2020,6.11
14/11/2020,6.11
15/11/2020,6.11
16/11/2020,6.11
17/11/2020,6.11
18/11/2020,6.11
19/11/2020,6.74
20/11/2020,6.21
21/11/2020,5.99
22/11/2020,5.75
23/11/2020,5.75
24/11/2020,6.63
25/11/2020,7.8
26/11/2020,7.89
27/11/2020,7.96
28/11/2020,9.02
29/11/2020,9.37
30/11/2020,6.57
1/12/2020,8.97
2/12/2020,8.43
3/12/2020,8.36
4/12/2020,9.11
5/12/2020,9.54
6/12/2020,9.29
7/12/2020,8.63
8/12/2020,7.66
9/12/2020,6.9
10/12/2020,6.44
11/12/2020,6.11
12/12/2020,5.83
13/12/2020,5.83
14/12/2020,5.68
15/12/2020,5.44
16/12/2020,5.83
17/12/2020,7.15
18/12/2020,9.11
19/12/2020,10.29
20/12/2020,10.39
21/12/2020,10.31
22/12/2020,10.14
23/12/2020,9.69
24/12/2020,8.98
25/12/2020,8.38
26/12/2020,8.12
27/12/2020,7.83
28/12/2020,7.88
29/12/2020,7.23
30/12/2020,7.23
31/12/2020,7.23
