Date,Sg. Kusial Tanah Merah (m)
1/1/2016,11.15
2/1/2016,12
3/1/2016,11.6
4/1/2016,10.81
5/1/2016,10.55
6/1/2016,10.42
7/1/2016,10.31
8/1/2016,10.23
9/1/2016,10.15
10/1/2016,10.1
11/1/2016,9.98
12/1/2016,9.91
13/1/2016,9.86
14/1/2016,9.83
15/1/2016,9.87
16/1/2016,9.89
17/1/2016,10.12
18/1/2016,10.52
19/1/2016,10.2
20/1/2016,9.95
21/1/2016,9.8
22/1/2016,9.77
23/1/2016,10.1
24/1/2016,9.86
25/1/2016,9.68
26/1/2016,9.77
27/1/2016,10.25
28/1/2016,10.54
29/1/2016,10.35
30/1/2016,10.12
31/1/2016,9.89
1/2/2016,9.76
2/2/2016,9.67
3/2/2016,9.66
4/2/2016,9.82
5/2/2016,10.38
6/2/2016,11.28
7/2/2016,11.94
8/2/2016,11.67
9/2/2016,10.92
10/2/2016,10.39
11/2/2016,10.17
12/2/2016,10.07
13/2/2016,10.12
14/2/2016,10.33
15/2/2016,10.22
16/2/2016,10.12
17/2/2016,10.2
18/2/2016,9.96
19/2/2016,9.83
20/2/2016,9.82
21/2/2016,9.85
22/2/2016,9.68
23/2/2016,9.61
24/2/2016,9.61
25/2/2016,9.61
26/2/2016,9.54
27/2/2016,9.5
28/2/2016,9.7
29/2/2016,9.9
1/3/2016,9.8
2/3/2016,9.66
3/3/2016,9.51
4/3/2016,9.45
5/3/2016,9.39
6/3/2016,9.35
7/3/2016,9.33
8/3/2016,9.31
9/3/2016,9.29
10/3/2016,9.23
11/3/2016,9.22
12/3/2016,9.23
13/3/2016,9.23
14/3/2016,9.16
15/3/2016,9.12
16/3/2016,9.12
17/3/2016,9.1
18/3/2016,9.08
19/3/2016,9.09
20/3/2016,9.08
21/3/2016,9.04
22/3/2016,9.01
23/3/2016,9.01
24/3/2016,9
25/3/2016,8.98
26/3/2016,8.98
27/3/2016,8.96
28/3/2016,8.96
29/3/2016,8.96
30/3/2016,8.82
31/3/2016,9.64
1/4/2016,8.93
2/4/2016,8.91
3/4/2016,8.92
4/4/2016,8.91
5/4/2016,8.91
6/4/2016,8.94
7/4/2016,8.9
8/4/2016,8.86
9/4/2016,8.85
10/4/2016,8.83
11/4/2016,8.86
12/4/2016,8.81
13/4/2016,8.85
14/4/2016,8.91
15/4/2016,8.9
16/4/2016,8.85
17/4/2016,8.83
18/4/2016,8.95
19/4/2016,8.94
20/4/2016,8.87
21/4/2016,8.81
22/4/2016,8.79
23/4/2016,8.75
24/4/2016,8.73
25/4/2016,8.81
26/4/2016,8.87
27/4/2016,8.83
28/4/2016,8.82
29/4/2016,8.85
30/4/2016,9.63
1/5/2016,8.87
2/5/2016,8.79
3/5/2016,8.72
4/5/2016,8.74
5/5/2016,8.72
6/5/2016,8.71
7/5/2016,8.71
8/5/2016,8.77
9/5/2016,8.9
10/5/2016,8.98
11/5/2016,8.98
12/5/2016,8.84
13/5/2016,8.87
14/5/2016,8.87
15/5/2016,8.99
16/5/2016,8.99
17/5/2016,9.05
18/5/2016,9.05
19/5/2016,9.18
20/5/2016,9.44
21/5/2016,9.19
22/5/2016,9
23/5/2016,8.96
24/5/2016,8.83
25/5/2016,8.77
26/5/2016,8.77
27/5/2016,8.8
28/5/2016,8.91
29/5/2016,9.18
30/5/2016,9.21
31/5/2016,10.07
1/6/2016,9.63
2/6/2016,9.83
3/6/2016,9.4
4/6/2016,9.35
5/6/2016,9.48
6/6/2016,9.24
7/6/2016,9.19
8/6/2016,9.36
9/6/2016,9.38
10/6/2016,9.39
11/6/2016,9.44
12/6/2016,9.38
13/6/2016,9.59
14/6/2016,9.5
15/6/2016,9.89
16/6/2016,9.92
17/6/2016,10.15
18/6/2016,10.41
19/6/2016,10.37
20/6/2016,9.86
21/6/2016,9.71
22/6/2016,9.57
23/6/2016,9.45
24/6/2016,9.39
25/6/2016,9.57
26/6/2016,9.41
27/6/2016,9.43
28/6/2016,9.7
29/6/2016,9.35
30/6/2016,9.95
1/7/2016,9.24
2/7/2016,9.36
3/7/2016,9.26
4/7/2016,9.14
5/7/2016,9.11
6/7/2016,9.09
7/7/2016,9.37
8/7/2016,9.33
9/7/2016,9.24
10/7/2016,9.17
11/7/2016,9.27
12/7/2016,9.12
13/7/2016,9.19
14/7/2016,9.91
15/7/2016,9.38
16/7/2016,9.32
17/7/2016,9.3
18/7/2016,9.26
19/7/2016,9.36
20/7/2016,9.72
21/7/2016,9.79
22/7/2016,9.78
23/7/2016,9.65
24/7/2016,9.61
25/7/2016,9.65
26/7/2016,9.77
27/7/2016,10.08
28/7/2016,10.34
29/7/2016,10.59
30/7/2016,10.1
31/7/2016,14
1/8/2016,9.39
2/8/2016,9.24
3/8/2016,9.17
4/8/2016,9.12
5/8/2016,9.08
6/8/2016,9.13
7/8/2016,9.35
8/8/2016,9.26
9/8/2016,9.14
10/8/2016,9.22
11/8/2016,9.84
12/8/2016,9.88
13/8/2016,9.77
14/8/2016,9.59
15/8/2016,9.45
16/8/2016,9.31
17/8/2016,9.25
18/8/2016,9.2
19/8/2016,9.2
20/8/2016,9.25
21/8/2016,9.27
22/8/2016,9.63
23/8/2016,9.45
24/8/2016,9.35
25/8/2016,9.63
26/8/2016,9.45
27/8/2016,9.15
28/8/2016,9.86
29/8/2016,9.99
30/8/2016,9.99
31/8/2016,9.99
1/9/2016,10.15
2/9/2016,10.21
3/9/2016,10.74
4/9/2016,10.72
5/9/2016,10.83
6/9/2016,10.74
7/9/2016,10.84
8/9/2016,10.78
9/9/2016,10.62
10/9/2016,10.7
11/9/2016,10.49
12/9/2016,10.36
13/9/2016,10.34
14/9/2016,10.29
15/9/2016,10.38
16/9/2016,10.49
17/9/2016,10.62
18/9/2016,10.53
19/9/2016,10.39
20/9/2016,10.25
21/9/2016,10.22
22/9/2016,10.39
23/9/2016,11.02
24/9/2016,10.46
25/9/2016,10.21
26/9/2016,10.29
27/9/2016,10.17
28/9/2016,10.07
29/9/2016,10.04
30/9/2016,10.38
1/10/2016,9.94
2/10/2016,9.91
3/10/2016,9.92
4/10/2016,10.01
5/10/2016,10.22
6/10/2016,10.2
7/10/2016,10.31
8/10/2016,10.27
9/10/2016,10.71
10/10/2016,10.36
11/10/2016,10.12
12/10/2016,10.03
13/10/2016,10
14/10/2016,9.96
15/10/2016,9.92
16/10/2016,9.93
17/10/2016,9.97
18/10/2016,10.07
19/10/2016,10.16
20/10/2016,10.19
21/10/2016,10.25
22/10/2016,10.69
23/10/2016,11.37
24/10/2016,10.63
25/10/2016,10.19
26/10/2016,10.07
27/10/2016,10.09
28/10/2016,10.01
29/10/2016,10.27
30/10/2016,11.3
31/10/2016,11.3
1/11/2016,10.97
2/11/2016,10.45
3/11/2016,10.36
4/11/2016,10.49
5/11/2016,10.37
6/11/2016,10.75
7/11/2016,10.55
8/11/2016,10.46
9/11/2016,10.68
10/11/2016,11.83
11/11/2016,11.6
12/11/2016,11.07
13/11/2016,10.93
14/11/2016,10.65
15/11/2016,10.6
16/11/2016,10.68
17/11/2016,10.85
18/11/2016,10.61
19/11/2016,10.47
20/11/2016,10.49
21/11/2016,11.31
22/11/2016,11.8
23/11/2016,11.11
24/11/2016,10.75
25/11/2016,10.78
26/11/2016,10.75
27/11/2016,10.76
28/11/2016,11.03
29/11/2016,10.82
30/11/2016,10.83
1/12/2016,11.28
2/12/2016,12.43
3/12/2016,13.47
4/12/2016,12
5/12/2016,11.63
6/12/2016,11.29
7/12/2016,11.37
8/12/2016,11.5
9/12/2016,11.49
10/12/2016,11.59
11/12/2016,12.02
12/12/2016,13.27
13/12/2016,11.74
14/12/2016,11.19
15/12/2016,10.92
16/12/2016,10.77
17/12/2016,10.68
18/12/2016,11.11
19/12/2016,11.47
20/12/2016,11.65
21/12/2016,11.81
22/12/2016,11.21
23/12/2016,11.09
24/12/2016,11.56
25/12/2016,12.05
26/12/2016,11.62
27/12/2016,11.4
28/12/2016,11.22
29/12/2016,11.02
30/12/2016,11.02
31/12/2016,11.02
1/1/2017,18.2
2/1/2017,16.81
3/1/2017,17.5
4/1/2017,17
5/1/2017,14.17
6/1/2017,13.08
7/1/2017,12.73
8/1/2017,12.46
9/1/2017,11.92
10/1/2017,11.62
11/1/2017,11.42
12/1/2017,11.33
13/1/2017,11.29
14/1/2017,11.13
15/1/2017,11.01
16/1/2017,10.95
17/1/2017,11.01
18/1/2017,11.46
19/1/2017,12.04
20/1/2017,12.87
21/1/2017,13.53
22/1/2017,15.76
23/1/2017,14.51
24/1/2017,12.94
25/1/2017,14.85
26/1/2017,16.02
27/1/2017,16.06
28/1/2017,15.98
29/1/2017,13.93
30/1/2017,11.34
31/1/2017,10.68
1/2/2017,10.34
2/2/2017,10.04
3/2/2017,9.92
4/2/2017,9.78
5/2/2017,9.65
6/2/2017,9.54
7/2/2017,9.43
8/2/2017,9.25
9/2/2017,9.13
10/2/2017,8.99
11/2/2017,8.93
12/2/2017,8.92
13/2/2017,8.88
14/2/2017,8.96
15/2/2017,9.09
16/2/2017,9.21
17/2/2017,9.08
18/2/2017,8.9
19/2/2017,9
20/2/2017,9.04
21/2/2017,8.89
22/2/2017,8.69
23/2/2017,8.65
24/2/2017,8.71
25/2/2017,8.74
26/2/2017,8.76
27/2/2017,9.33
28/2/2017,9.74
1/3/2017,9.57
2/3/2017,9.85
3/3/2017,10.17
4/3/2017,10.04
5/3/2017,9.39
6/3/2017,9.04
7/3/2017,8.91
8/3/2017,8.94
9/3/2017,8.76
10/3/2017,8.66
11/3/2017,8.58
12/3/2017,8.52
13/3/2017,8.49
14/3/2017,8.47
15/3/2017,8.47
16/3/2017,8.46
17/3/2017,8.39
18/3/2017,8.42
19/3/2017,8.37
20/3/2017,8.54
21/3/2017,8.99
22/3/2017,8.83
23/3/2017,8.63
24/3/2017,8.44
25/3/2017,8.34
26/3/2017,8.42
27/3/2017,8.41
28/3/2017,8.45
29/3/2017,8.51
30/3/2017,8.54
31/3/2017,10.34
1/4/2017,8.75
2/4/2017,9.03
3/4/2017,9.68
4/4/2017,9.46
5/4/2017,9.12
6/4/2017,8.79
7/4/2017,8.7
8/4/2017,8.87
9/4/2017,9.6
10/4/2017,9.2
11/4/2017,8.92
12/4/2017,9.13
13/4/2017,9.1
14/4/2017,9.06
15/4/2017,8.93
16/4/2017,8.74
17/4/2017,8.52
18/4/2017,8.5
19/4/2017,8.53
20/4/2017,8.74
21/4/2017,8.94
22/4/2017,9.55
23/4/2017,8.86
24/4/2017,8.68
25/4/2017,8.65
26/4/2017,8.63
27/4/2017,8.72
28/4/2017,8.69
29/4/2017,9.56
30/4/2017,9.86
1/5/2017,8.42
2/5/2017,8.37
3/5/2017,8.36
4/5/2017,8.4
5/5/2017,8.44
6/5/2017,8.71
7/5/2017,8.71
8/5/2017,8.51
9/5/2017,8.43
10/5/2017,9.29
11/5/2017,9.25
12/5/2017,9.15
13/5/2017,9.26
14/5/2017,9.06
15/5/2017,8.94
16/5/2017,8.91
17/5/2017,9.35
18/5/2017,9
19/5/2017,9.3
20/5/2017,10.52
21/5/2017,9.77
22/5/2017,9.8
23/5/2017,9.74
24/5/2017,10.02
25/5/2017,10.1
26/5/2017,10.3
27/5/2017,9.97
28/5/2017,9.75
29/5/2017,9.29
30/5/2017,10.31
31/5/2017,9.38
1/6/2017,9.82
2/6/2017,9.67
3/6/2017,9.38
4/6/2017,9.78
5/6/2017,9.74
6/6/2017,9.47
7/6/2017,9.44
8/6/2017,9.28
9/6/2017,9.19
10/6/2017,9.34
11/6/2017,10.01
12/6/2017,9.54
13/6/2017,9.32
14/6/2017,9.21
15/6/2017,9.39
16/6/2017,9.4
17/6/2017,9.29
18/6/2017,9.37
19/6/2017,9.82
20/6/2017,9.37
21/6/2017,10
22/6/2017,10.13
23/6/2017,10.25
24/6/2017,9.58
25/6/2017,9.22
26/6/2017,9.2
27/6/2017,9.15
28/6/2017,9.19
29/6/2017,8.81
30/6/2017,8.95
1/7/2017,10.68
2/7/2017,10.05
3/7/2017,10.04
4/7/2017,10.22
5/7/2017,10.79
6/7/2017,10.75
7/7/2017,10.22
8/7/2017,10.04
9/7/2017,10.08
10/7/2017,9.67
11/7/2017,9.76
12/7/2017,10.35
13/7/2017,10.19
14/7/2017,10.17
15/7/2017,10.24
16/7/2017,9.72
17/7/2017,9.64
18/7/2017,9.57
19/7/2017,9.54
20/7/2017,9.5
21/7/2017,9.28
22/7/2017,9.21
23/7/2017,9.24
24/7/2017,9.27
25/7/2017,9.1
26/7/2017,9.13
27/7/2017,9.04
28/7/2017,8.75
29/7/2017,10.22
30/7/2017,9.71
31/7/2017,10.08
1/8/2017,8.84
2/8/2017,8.99
3/8/2017,8.81
4/8/2017,8.86
5/8/2017,8.81
6/8/2017,8.94
7/8/2017,8.99
8/8/2017,9.1
9/8/2017,9.39
10/8/2017,9.48
11/8/2017,9.53
12/8/2017,9.68
13/8/2017,9.59
14/8/2017,9.54
15/8/2017,9.66
16/8/2017,9.63
17/8/2017,9.25
18/8/2017,9.02
19/8/2017,8.96
20/8/2017,8.86
21/8/2017,8.78
22/8/2017,9.01
23/8/2017,9.14
24/8/2017,9.23
25/8/2017,9.45
26/8/2017,9.82
27/8/2017,10.4
28/8/2017,10.08
29/8/2017,8.88
30/8/2017,9.17
31/8/2017,9.17
1/9/2017,9.83
2/9/2017,9.77
3/9/2017,9.59
4/9/2017,9.47
5/9/2017,9.28
6/9/2017,9.26
7/9/2017,9.34
8/9/2017,9.41
9/9/2017,9.46
10/9/2017,9.35
11/9/2017,9.2
12/9/2017,9.22
13/9/2017,9.88
14/9/2017,9.99
15/9/2017,9.5
16/9/2017,9.27
17/9/2017,9.32
18/9/2017,9.4
19/9/2017,9.61
20/9/2017,8.92
21/9/2017,8.7
22/9/2017,8.71
23/9/2017,8.39
24/9/2017,8.5
25/9/2017,8.3
26/9/2017,8.45
27/9/2017,9.28
28/9/2017,9.09
29/9/2017,9.45
30/9/2017,8.94
1/10/2017,9.1
2/10/2017,9.52
3/10/2017,9.51
4/10/2017,9.32
5/10/2017,8.91
6/10/2017,8.83
7/10/2017,8.78
8/10/2017,8.77
9/10/2017,8.95
10/10/2017,9.1
11/10/2017,9.45
12/10/2017,9.31
13/10/2017,9.39
14/10/2017,10.05
15/10/2017,9.13
16/10/2017,8.86
17/10/2017,8.68
18/10/2017,8.61
19/10/2017,8.53
20/10/2017,8.64
21/10/2017,8.56
22/10/2017,8.5
23/10/2017,8.46
24/10/2017,8.53
25/10/2017,8.45
26/10/2017,8.93
27/10/2017,8.84
28/10/2017,9.08
29/10/2017,15.61
30/10/2017,12.65
31/10/2017,12.65
1/11/2017,8.81
2/11/2017,8.55
3/11/2017,8.76
4/11/2017,9.43
5/11/2017,9.53
6/11/2017,10.05
7/11/2017,9.82
8/11/2017,9.43
9/11/2017,10.37
10/11/2017,10.5
11/11/2017,9.6
12/11/2017,9.98
13/11/2017,10.15
14/11/2017,9.74
15/11/2017,9.92
16/11/2017,9.9
17/11/2017,9.79
18/11/2017,9.69
19/11/2017,9.2
20/11/2017,8.9
21/11/2017,8.94
22/11/2017,9.02
23/11/2017,9.03
24/11/2017,8.89
25/11/2017,9.11
26/11/2017,9.68
27/11/2017,11.64
28/11/2017,14.23
29/11/2017,9.4
30/11/2017,9.87
1/12/2017,12.01
2/12/2017,13.03
3/12/2017,11.84
4/12/2017,11.33
5/12/2017,11.54
6/12/2017,11.93
7/12/2017,11.77
8/12/2017,11.41
9/12/2017,10.87
10/12/2017,10.35
11/12/2017,9.84
12/12/2017,9.6
13/12/2017,9.46
14/12/2017,9.37
15/12/2017,9.24
16/12/2017,9.15
17/12/2017,9.1
18/12/2017,9.1
19/12/2017,9.01
20/12/2017,9.02
21/12/2017,8.97
22/12/2017,8.92
23/12/2017,8.98
24/12/2017,9.2
25/12/2017,9.42
26/12/2017,9.21
27/12/2017,9.09
28/12/2017,9.21
29/12/2017,9.21
30/12/2017,9.21
31/12/2017,9.21
1/1/2018,11.5
2/1/2018,14.82
3/1/2018,15.12
4/1/2018,14.31
5/1/2018,12.95
6/1/2018,11.48
7/1/2018,10.78
8/1/2018,10.5
9/1/2018,10.69
10/1/2018,10.24
11/1/2018,10.07
12/1/2018,10.49
13/1/2018,11.6
14/1/2018,11.23
15/1/2018,10.24
16/1/2018,9.97
17/1/2018,9.8
18/1/2018,9.63
19/1/2018,9.57
20/1/2018,9.66
21/1/2018,10.12
22/1/2018,10.14
23/1/2018,9.89
24/1/2018,10.08
25/1/2018,9.87
26/1/2018,9.7
27/1/2018,9.45
28/1/2018,9.31
29/1/2018,9.37
30/1/2018,9.45
31/1/2018,9.37
1/2/2018,9.4
2/2/2018,9.25
3/2/2018,9.34
4/2/2018,9.23
5/2/2018,9.04
6/2/2018,8.94
7/2/2018,8.91
8/2/2018,8.79
9/2/2018,8.73
10/2/2018,8.67
11/2/2018,8.62
12/2/2018,8.58
13/2/2018,8.56
14/2/2018,8.56
15/2/2018,8.59
16/2/2018,8.56
17/2/2018,8.5
18/2/2018,8.46
19/2/2018,8.44
20/2/2018,8.43
21/2/2018,8.42
22/2/2018,8.37
23/2/2018,8.36
24/2/2018,8.53
25/2/2018,8.87
26/2/2018,8.61
27/2/2018,8.42
28/2/2018,8.37
1/3/2018,8.32
2/3/2018,8.3
3/3/2018,8.27
4/3/2018,8.37
5/3/2018,8.33
6/3/2018,8.29
7/3/2018,8.23
8/3/2018,8.31
9/3/2018,8.35
10/3/2018,8.26
11/3/2018,8.17
12/3/2018,8.12
13/3/2018,8.07
14/3/2018,8.06
15/3/2018,8.08
16/3/2018,8.15
17/3/2018,8.27
18/3/2018,8.27
19/3/2018,8.09
20/3/2018,8
21/3/2018,7.97
22/3/2018,7.94
23/3/2018,7.92
24/3/2018,7.96
25/3/2018,7.95
26/3/2018,7.92
27/3/2018,7.9
28/3/2018,7.88
29/3/2018,7.84
30/3/2018,7.93
31/3/2018,8.04
1/4/2018,7.97
2/4/2018,7.96
3/4/2018,7.9
4/4/2018,7.86
5/4/2018,7.82
6/4/2018,7.8
7/4/2018,7.96
8/4/2018,7.89
9/4/2018,7.86
10/4/2018,7.86
11/4/2018,7.86
12/4/2018,7.86
13/4/2018,7.79
14/4/2018,7.79
15/4/2018,7.78
16/4/2018,7.77
17/4/2018,7.73
18/4/2018,7.74
19/4/2018,7.73
20/4/2018,7.73
21/4/2018,7.76
22/4/2018,7.82
23/4/2018,7.78
24/4/2018,7.8
25/4/2018,7.8
26/4/2018,7.91
27/4/2018,8.05
28/4/2018,7.93
29/4/2018,7.97
30/4/2018,8.02
1/5/2018,8.03
2/5/2018,8.17
3/5/2018,8.08
4/5/2018,7.94
5/5/2018,7.81
6/5/2018,7.83
7/5/2018,7.83
8/5/2018,8.08
9/5/2018,8.28
10/5/2018,7.98
11/5/2018,7.93
12/5/2018,7.82
13/5/2018,7.79
14/5/2018,7.77
15/5/2018,7.87
16/5/2018,7.84
17/5/2018,8.02
18/5/2018,8.14
19/5/2018,8.03
20/5/2018,7.94
21/5/2018,7.95
22/5/2018,8.01
23/5/2018,8.06
24/5/2018,8.08
25/5/2018,8.14
26/5/2018,8.01
27/5/2018,7.91
28/5/2018,7.99
29/5/2018,8.31
30/5/2018,8.51
31/5/2018,8.51
1/6/2018,8.18
2/6/2018,8.18
3/6/2018,8.11
4/6/2018,7.98
5/6/2018,7.87
6/6/2018,7.83
7/6/2018,7.87
8/6/2018,7.89
9/6/2018,7.97
10/6/2018,7.95
11/6/2018,7.9
12/6/2018,7.91
13/6/2018,7.9
14/6/2018,7.82
15/6/2018,7.75
16/6/2018,7.74
17/6/2018,7.76
18/6/2018,7.77
19/6/2018,7.77
20/6/2018,7.73
21/6/2018,7.85
22/6/2018,8.11
23/6/2018,8.24
24/6/2018,8.74
25/6/2018,9.17
26/6/2018,8.88
27/6/2018,8.87
28/6/2018,8.4
29/6/2018,9.13
30/6/2018,9.74
1/7/2018,8.22
2/7/2018,8.23
3/7/2018,8.24
4/7/2018,8.16
5/7/2018,8.2
6/7/2018,8.13
7/7/2018,7.99
8/7/2018,7.98
9/7/2018,8.03
10/7/2018,8.04
11/7/2018,8.05
12/7/2018,7.99
13/7/2018,7.96
14/7/2018,7.95
15/7/2018,7.91
16/7/2018,7.9
17/7/2018,7.88
18/7/2018,7.88
19/7/2018,7.96
20/7/2018,7.99
21/7/2018,7.95
22/7/2018,8
23/7/2018,7.96
24/7/2018,7.91
25/7/2018,8.06
26/7/2018,8.29
27/7/2018,8.63
28/7/2018,8.61
29/7/2018,8.61
30/7/2018,8.61
31/7/2018,8.46
1/8/2018,8.82
2/8/2018,8.95
3/8/2018,8.56
4/8/2018,8.21
5/8/2018,8.05
6/8/2018,7.99
7/8/2018,7.95
8/8/2018,7.91
9/8/2018,7.89
10/8/2018,7.9
11/8/2018,7.92
12/8/2018,?
13/8/2018,?
14/8/2018,?
15/8/2018,?
16/8/2018,?
17/8/2018,?
18/8/2018,?
19/8/2018,?
20/8/2018,?
21/8/2018,?
22/8/2018,?
23/8/2018,?
24/8/2018,?
25/8/2018,?
26/8/2018,?
27/8/2018,?
28/8/2018,?
29/8/2018,?
30/8/2018,?
31/8/2018,?
1/9/2018,?
2/9/2018,?
3/9/2018,?
4/9/2018,?
5/9/2018,?
6/9/2018,?
7/9/2018,?
8/9/2018,?
9/9/2018,?
10/9/2018,?
11/9/2018,?
12/9/2018,?
13/9/2018,?
14/9/2018,?
15/9/2018,?
16/9/2018,?
17/9/2018,?
18/9/2018,?
19/9/2018,?
20/9/2018,?
21/9/2018,?
22/9/2018,?
23/9/2018,?
24/9/2018,?
25/9/2018,?
26/9/2018,?
27/9/2018,?
28/9/2018,?
29/9/2018,8.51
30/9/2018,8.39
1/10/2018,9.02
2/10/2018,9.02
3/10/2018,9.02
4/10/2018,9.02
5/10/2018,8.89
6/10/2018,9.22
7/10/2018,8.95
8/10/2018,8.77
9/10/2018,8.84
10/10/2018,8.76
11/10/2018,8.47
12/10/2018,8.33
13/10/2018,8.28
14/10/2018,8.31
15/10/2018,8.54
16/10/2018,8.66
17/10/2018,8.53
18/10/2018,8.82
19/10/2018,8.88
20/10/2018,8.72
21/10/2018,8.67
22/10/2018,8.44
23/10/2018,8.45
24/10/2018,8.63
25/10/2018,8.83
26/10/2018,8.85
27/10/2018,9.07
28/10/2018,8.7
29/10/2018,8.52
30/10/2018,8.7
31/10/2018,8.7
1/11/2018,8.53
2/11/2018,8.55
3/11/2018,8.89
4/11/2018,9.86
5/11/2018,9.35
6/11/2018,9.87
7/11/2018,10.51
8/11/2018,9.61
9/11/2018,9.5
10/11/2018,10.11
11/11/2018,9.62
12/11/2018,9.66
13/11/2018,8.98
14/11/2018,8.88
15/11/2018,8.86
16/11/2018,9
17/11/2018,8.92
18/11/2018,8.99
19/11/2018,9.12
20/11/2018,9.25
21/11/2018,9.12
22/11/2018,8.73
23/11/2018,8.63
24/11/2018,8.52
25/11/2018,8.42
26/11/2018,8.43
27/11/2018,8.57
28/11/2018,8.44
29/11/2018,9.61
30/11/2018,8.73
1/12/2018,8.92
2/12/2018,8.96
3/12/2018,9.34
4/12/2018,9.46
5/12/2018,9.48
6/12/2018,9.65
7/12/2018,9.78
8/12/2018,9.22
9/12/2018,9.6
10/12/2018,9.48
11/12/2018,9.38
12/12/2018,9.44
13/12/2018,11.14
14/12/2018,12.44
15/12/2018,11.8
16/12/2018,11.57
17/12/2018,10.39
18/12/2018,10.66
19/12/2018,9.91
20/12/2018,9.42
21/12/2018,10.09
22/12/2018,9.83
23/12/2018,9.1
24/12/2018,8.81
25/12/2018,8.64
26/12/2018,8.81
27/12/2018,9.22
28/12/2018,9.43
29/12/2018,9.43
30/12/2018,9.43
31/12/2018,9.43
1/1/2019,8.48
2/1/2019,8.46
3/1/2019,8.45
4/1/2019,8.47
5/1/2019,8.32
6/1/2019,8.22
7/1/2019,8.26
8/1/2019,8.33
9/1/2019,8.36
10/1/2019,8.43
11/1/2019,8.39
12/1/2019,8.31
13/1/2019,8.27
14/1/2019,8.28
15/1/2019,8.16
16/1/2019,8.06
17/1/2019,8.14
18/1/2019,8.48
19/1/2019,8.46
20/1/2019,8.19
21/1/2019,8.1
22/1/2019,8
23/1/2019,7.93
24/1/2019,7.91
25/1/2019,7.9
26/1/2019,7.81
27/1/2019,7.77
28/1/2019,7.75
29/1/2019,7.74
30/1/2019,7.72
31/1/2019,7.72
1/2/2019,7.75
2/2/2019,7.72
3/2/2019,7.71
4/2/2019,7.71
5/2/2019,7.71
6/2/2019,7.65
7/2/2019,7.59
8/2/2019,7.55
9/2/2019,7.53
10/2/2019,7.51
11/2/2019,7.49
12/2/2019,7.45
13/2/2019,7.48
14/2/2019,7.71
15/2/2019,7.73
16/2/2019,7.61
17/2/2019,7.54
18/2/2019,7.48
19/2/2019,7.52
20/2/2019,7.66
21/2/2019,7.73
22/2/2019,7.59
23/2/2019,7.49
24/2/2019,7.45
25/2/2019,7.4
26/2/2019,7.39
27/2/2019,7.38
28/2/2019,7.41
1/3/2019,7.37
2/3/2019,7.34
3/3/2019,7.32
4/3/2019,7.3
5/3/2019,7.28
6/3/2019,7.27
7/3/2019,7.31
8/3/2019,7.47
9/3/2019,7.48
10/3/2019,7.46
11/3/2019,7.45
12/3/2019,7.45
13/3/2019,7.53
14/3/2019,7.56
15/3/2019,7.51
16/3/2019,7.48
17/3/2019,7.5
18/3/2019,7.42
19/3/2019,7.41
20/3/2019,7.39
21/3/2019,7.38
22/3/2019,7.38
23/3/2019,7.4
24/3/2019,7.39
25/3/2019,7.38
26/3/2019,7.39
27/3/2019,7.41
28/3/2019,7.44
29/3/2019,7.57
30/3/2019,7.54
31/3/2019,8.07
1/4/2019,7.59
2/4/2019,8.08
3/4/2019,8.2
4/4/2019,7.8
5/4/2019,7.86
6/4/2019,7.6
7/4/2019,7.52
8/4/2019,7.47
9/4/2019,7.44
10/4/2019,7.41
11/4/2019,7.38
12/4/2019,7.36
13/4/2019,7.38
14/4/2019,7.46
15/4/2019,7.7
16/4/2019,7.58
17/4/2019,7.62
18/4/2019,7.5
19/4/2019,7.45
20/4/2019,7.38
21/4/2019,7.35
22/4/2019,7.32
23/4/2019,7.31
24/4/2019,7.31
25/4/2019,7.31
26/4/2019,7.32
27/4/2019,7.31
28/4/2019,7.47
29/4/2019,8
30/4/2019,8.04
1/5/2019,7.89
2/5/2019,7.72
3/5/2019,7.54
4/5/2019,7.47
5/5/2019,7.46
6/5/2019,7.68
7/5/2019,7.59
8/5/2019,7.43
9/5/2019,7.37
10/5/2019,7.36
11/5/2019,7.32
12/5/2019,7.34
13/5/2019,7.67
14/5/2019,7.65
15/5/2019,7.71
16/5/2019,7.61
17/5/2019,7.74
18/5/2019,7.67
19/5/2019,7.62
20/5/2019,7.68
21/5/2019,7.64
22/5/2019,7.63
23/5/2019,7.75
24/5/2019,7.93
25/5/2019,7.8
26/5/2019,8.84
27/5/2019,8.34
28/5/2019,7.85
29/5/2019,7.74
30/5/2019,7.77
31/5/2019,7.79
1/6/2019,8.06
2/6/2019,7.81
3/6/2019,7.75
4/6/2019,7.8
5/6/2019,7.9
6/6/2019,8.3
7/6/2019,8.94
8/6/2019,8.68
9/6/2019,8.18
10/6/2019,8.1
11/6/2019,8.65
12/6/2019,8.27
13/6/2019,8.13
14/6/2019,7.95
15/6/2019,7.89
16/6/2019,8.02
17/6/2019,8.01
18/6/2019,8.07
19/6/2019,8.14
20/6/2019,8.06
21/6/2019,7.81
22/6/2019,7.71
23/6/2019,7.76
24/6/2019,8.18
25/6/2019,7.94
26/6/2019,7.98
27/6/2019,8.19
28/6/2019,7.99
29/6/2019,8.1
30/6/2019,7.77
1/7/2019,7.76
2/7/2019,7.73
3/7/2019,7.66
4/7/2019,7.6
5/7/2019,7.64
6/7/2019,7.57
7/7/2019,7.65
8/7/2019,7.58
9/7/2019,7.61
10/7/2019,7.74
11/7/2019,7.71
12/7/2019,7.61
13/7/2019,7.63
14/7/2019,7.9
15/7/2019,7.99
16/7/2019,8.01
17/7/2019,7.97
18/7/2019,8.06
19/7/2019,7.8
20/7/2019,7.69
21/7/2019,7.67
22/7/2019,7.62
23/7/2019,7.71
24/7/2019,7.77
25/7/2019,7.99
26/7/2019,7.91
27/7/2019,7.87
28/7/2019,7.99
29/7/2019,7.94
30/7/2019,7.79
31/7/2019,7.79
1/8/2019,7.63
2/8/2019,7.58
3/8/2019,7.53
4/8/2019,7.48
5/8/2019,7.46
6/8/2019,7.46
7/8/2019,7.44
8/8/2019,7.44
9/8/2019,7.43
10/8/2019,7.43
11/8/2019,7.42
12/8/2019,7.57
13/8/2019,7.62
14/8/2019,7.65
15/8/2019,7.82
16/8/2019,8.26
17/8/2019,7.88
18/8/2019,7.91
19/8/2019,7.89
20/8/2019,7.73
21/8/2019,7.69
22/8/2019,7.95
23/8/2019,8.07
24/8/2019,8.53
25/8/2019,9.48
26/8/2019,9.08
27/8/2019,8.57
28/8/2019,8.1
29/8/2019,7.95
30/8/2019,7.78
31/8/2019,7.78
1/9/2019,7.67
2/9/2019,7.61
3/9/2019,7.56
4/9/2019,7.58
5/9/2019,7.71
6/9/2019,7.73
7/9/2019,7.61
8/9/2019,7.66
9/9/2019,8.3
10/9/2019,8.36
11/9/2019,7.99
12/9/2019,7.93
13/9/2019,7.78
14/9/2019,7.79
15/9/2019,7.92
16/9/2019,7.93
17/9/2019,8.32
18/9/2019,8.64
19/9/2019,8.38
20/9/2019,7.96
21/9/2019,8.31
22/9/2019,8.36
23/9/2019,7.85
24/9/2019,7.75
25/9/2019,7.73
26/9/2019,7.72
27/9/2019,7.82
28/9/2019,7.99
29/9/2019,7.96
30/9/2019,8.36
1/10/2019,7.75
2/10/2019,7.77
3/10/2019,7.97
4/10/2019,8.01
5/10/2019,7.86
6/10/2019,7.83
7/10/2019,8.04
8/10/2019,7.94
9/10/2019,7.84
10/10/2019,7.82
11/10/2019,8.34
12/10/2019,8.46
13/10/2019,8.37
14/10/2019,8.69
15/10/2019,9.37
16/10/2019,9.11
17/10/2019,8.65
18/10/2019,8.34
19/10/2019,8.37
20/10/2019,9.12
21/10/2019,8.54
22/10/2019,8.26
23/10/2019,8.12
24/10/2019,8.06
25/10/2019,8.21
26/10/2019,8.18
27/10/2019,8.02
28/10/2019,7.95
29/10/2019,10.71
30/10/2019,13.32
31/10/2019,13.32
1/11/2019,8.7
2/11/2019,8.75
3/11/2019,9.64
4/11/2019,8.92
5/11/2019,9.12
6/11/2019,9.56
7/11/2019,9.74
8/11/2019,10.21
9/11/2019,9.86
10/11/2019,9.33
11/11/2019,8.85
12/11/2019,8.79
13/11/2019,8.86
14/11/2019,9.23
15/11/2019,9.36
16/11/2019,9.18
17/11/2019,8.9
18/11/2019,8.91
19/11/2019,9.03
20/11/2019,8.98
21/11/2019,8.79
22/11/2019,8.57
23/11/2019,8.96
24/11/2019,9.19
25/11/2019,8.7
26/11/2019,8.47
27/11/2019,8.4
28/11/2019,9.15
29/11/2019,9.15
30/11/2019,9.15
1/12/2019,13.84
2/12/2019,16.04
3/12/2019,14.94
4/12/2019,11.9
5/12/2019,10.4
6/12/2019,9.74
7/12/2019,9.44
8/12/2019,9.29
9/12/2019,9.47
10/12/2019,9.46
11/12/2019,9.46
12/12/2019,9.46
13/12/2019,9.46
14/12/2019,9.46
15/12/2019,9.46
16/12/2019,9.46
17/12/2019,9.46
18/12/2019,9.46
19/12/2019,9.46
20/12/2019,9.46
21/12/2019,9.46
22/12/2019,9.46
23/12/2019,9.46
24/12/2019,9.46
25/12/2019,9.46
26/12/2019,9.46
27/12/2019,9.46
28/12/2019,9.46
29/12/2019,9.46
30/12/2019,9.46
31/12/2019,9.46
1/1/2020,8.56
2/1/2020,8.56
3/1/2020,8.62
4/1/2020,8.7
5/1/2020,8.69
6/1/2020,8.54
7/1/2020,8.42
8/1/2020,8.39
9/1/2020,8.43
10/1/2020,8.37
11/1/2020,8.34
12/1/2020,8.26
13/1/2020,8.21
14/1/2020,8.18
15/1/2020,8.14
16/1/2020,8.1
17/1/2020,8.08
18/1/2020,8.12
19/1/2020,8.23
20/1/2020,8.44
21/1/2020,8.35
22/1/2020,8.23
23/1/2020,8.17
24/1/2020,8.13
25/1/2020,8.09
26/1/2020,8.02
27/1/2020,7.99
28/1/2020,7.97
29/1/2020,8.01
30/1/2020,8.46
31/1/2020,8.35
1/2/2020,8.13
2/2/2020,8.09
3/2/2020,8.13
4/2/2020,8.1
5/2/2020,8.01
6/2/2020,7.95
7/2/2020,7.93
8/2/2020,7.92
9/2/2020,7.9
10/2/2020,7.96
11/2/2020,9.36
12/2/2020,9.96
13/2/2020,9.65
14/2/2020,9.15
15/2/2020,8.78
16/2/2020,8.55
17/2/2020,8.44
18/2/2020,8.38
19/2/2020,8.71
20/2/2020,8.75
21/2/2020,8.47
22/2/2020,8.31
23/2/2020,8.43
24/2/2020,8.87
25/2/2020,9.1
26/2/2020,8.74
27/2/2020,8.47
28/2/2020,8.37
29/2/2020,8.31
1/3/2020,8.22
2/3/2020,8.18
3/3/2020,8.14
4/3/2020,8.14
5/3/2020,8.12
6/3/2020,8.27
7/3/2020,8.75
8/3/2020,8.49
9/3/2020,8.59
10/3/2020,8.44
11/3/2020,8.33
12/3/2020,8.32
13/3/2020,8.29
14/3/2020,8.3
15/3/2020,8.37
16/3/2020,8.43
17/3/2020,8.43
18/3/2020,8.1
19/3/2020,8.04
20/3/2020,8.02
21/3/2020,8.01
22/3/2020,7.99
23/3/2020,8.07
24/3/2020,8.31
25/3/2020,8.4
26/3/2020,8.35
27/3/2020,8.27
28/3/2020,8.17
29/3/2020,8.15
30/3/2020,8.45
31/3/2020,9.13
1/4/2020,8.07
2/4/2020,8.06
3/4/2020,8.11
4/4/2020,8.23
5/4/2020,8.26
6/4/2020,8.22
7/4/2020,8.2
8/4/2020,8.21
9/4/2020,8.14
10/4/2020,8.07
11/4/2020,8.03
12/4/2020,8.01
13/4/2020,7.99
14/4/2020,8.04
15/4/2020,8.05
16/4/2020,8.09
17/4/2020,8.1
18/4/2020,8.1
19/4/2020,8.3
20/4/2020,8.27
21/4/2020,8.18
22/4/2020,8.09
23/4/2020,8.08
24/4/2020,8.12
25/4/2020,8.23
26/4/2020,8.3
27/4/2020,8.28
28/4/2020,8.46
29/4/2020,8.52
30/4/2020,8.81
1/5/2020,8.39
2/5/2020,8.56
3/5/2020,8.81
4/5/2020,9.1
5/5/2020,8.65
6/5/2020,8.77
7/5/2020,9.26
8/5/2020,8.87
9/5/2020,8.66
10/5/2020,8.54
11/5/2020,8.5
12/5/2020,8.82
13/5/2020,8.86
14/5/2020,9.49
15/5/2020,8.84
16/5/2020,8.45
17/5/2020,8.57
18/5/2020,9.19
19/5/2020,8.97
20/5/2020,8.88
21/5/2020,8.96
22/5/2020,9.19
23/5/2020,9.24
24/5/2020,8.89
25/5/2020,8.83
26/5/2020,8.72
27/5/2020,8.7
28/5/2020,8.58
29/5/2020,8.59
30/5/2020,7.89
31/5/2020,8.58
1/6/2020,9.31
2/6/2020,9.45
3/6/2020,9.26
4/6/2020,9.03
5/6/2020,9.33
6/6/2020,9.39
7/6/2020,9.3
8/6/2020,9.12
9/6/2020,8.96
10/6/2020,9.21
11/6/2020,9.24
12/6/2020,9.21
13/6/2020,9.13
14/6/2020,9.31
15/6/2020,8.89
16/6/2020,8.91
17/6/2020,8.57
18/6/2020,8.29
19/6/2020,8.44
20/6/2020,8.52
21/6/2020,8.48
22/6/2020,8.31
23/6/2020,8.7
24/6/2020,8.43
25/6/2020,8.61
26/6/2020,8.89
27/6/2020,8.7
28/6/2020,8.22
29/6/2020,8.02
30/6/2020,9.16
1/7/2020,7.88
2/7/2020,8.65
3/7/2020,8.42
4/7/2020,8.38
5/7/2020,8.41
6/7/2020,7.98
7/7/2020,7.97
8/7/2020,7.99
9/7/2020,8.24
10/7/2020,8.65
11/7/2020,8.76
12/7/2020,8.92
13/7/2020,11.12
14/7/2020,11.41
15/7/2020,9.84
16/7/2020,8.77
17/7/2020,8.77
18/7/2020,9.44
19/7/2020,9.87
20/7/2020,9.33
21/7/2020,8.9
22/7/2020,8.66
23/7/2020,8.66
24/7/2020,9.62
25/7/2020,9.13
26/7/2020,8.93
27/7/2020,9.01
28/7/2020,9.88
29/7/2020,9.25
30/7/2020,8.44
31/7/2020,9.38
1/8/2020,8.96
2/8/2020,8.81
3/8/2020,8.5
4/8/2020,8.34
5/8/2020,8.26
6/8/2020,8.23
7/8/2020,8.14
8/8/2020,8.12
9/8/2020,8.18
10/8/2020,8.13
11/8/2020,8.15
12/8/2020,8.49
13/8/2020,9.12
14/8/2020,9.04
15/8/2020,8.56
16/8/2020,8.26
17/8/2020,8.34
18/8/2020,8.51
19/8/2020,8.93
20/8/2020,9.22
21/8/2020,9.41
22/8/2020,9.46
23/8/2020,9.91
24/8/2020,8.72
25/8/2020,8.48
26/8/2020,8.28
27/8/2020,8.17
28/8/2020,8.15
29/8/2020,8.29
30/8/2020,8.29
31/8/2020,8.29
1/9/2020,8.43
2/9/2020,8.47
3/9/2020,8.43
4/9/2020,8.33
5/9/2020,8.23
6/9/2020,8.21
7/9/2020,8.45
8/9/2020,8.82
9/9/2020,8.73
10/9/2020,8.68
11/9/2020,8.66
12/9/2020,9
13/9/2020,9.32
14/9/2020,9.51
15/9/2020,9.26
16/9/2020,9.21
17/9/2020,8.59
18/9/2020,8.43
19/9/2020,8.34
20/9/2020,8.75
21/9/2020,8.47
22/9/2020,8.47
23/9/2020,8.47
24/9/2020,8.47
25/9/2020,8.47
26/9/2020,8.47
27/9/2020,8.47
28/9/2020,8.47
29/9/2020,8.47
30/9/2020,8.19
1/10/2020,9.14
2/10/2020,9.14
3/10/2020,8.95
4/10/2020,8.81
5/10/2020,8.61
6/10/2020,8.97
7/10/2020,9.74
8/10/2020,10.69
9/10/2020,9.33
10/10/2020,8.65
11/10/2020,8.7
12/10/2020,8.4
13/10/2020,8.66
14/10/2020,8.84
15/10/2020,8.38
16/10/2020,8.27
17/10/2020,8.17
18/10/2020,8.35
19/10/2020,8.14
20/10/2020,7.98
21/10/2020,8.06
22/10/2020,8.17
23/10/2020,8.37
24/10/2020,8.86
25/10/2020,8.75
26/10/2020,9.43
27/10/2020,9.19
28/10/2020,8.38
29/10/2020,8.17
30/10/2020,11.14
31/10/2020,11.14
1/11/2020,8.83
2/11/2020,8.74
3/11/2020,9.33
4/11/2020,9.29
5/11/2020,8.92
6/11/2020,8.53
7/11/2020,9.06
8/11/2020,9.17
9/11/2020,9.01
10/11/2020,8.85
11/11/2020,8.69
12/11/2020,9.66
13/11/2020,10.73
14/11/2020,9.71
15/11/2020,9.67
16/11/2020,9.26
17/11/2020,9.07
18/11/2020,9.69
19/11/2020,9.98
20/11/2020,9.56
21/11/2020,9.17
22/11/2020,8.94
23/11/2020,9.3
24/11/2020,11.31
25/11/2020,12.73
26/11/2020,11.18
27/11/2020,10.31
28/11/2020,11.72
29/11/2020,11.95
30/11/2020,9.53
1/12/2020,10.13
2/12/2020,9.83
3/12/2020,10.05
4/12/2020,10.55
5/12/2020,10.27
6/12/2020,9.73
7/12/2020,9.4
8/12/2020,9.2
9/12/2020,9.06
10/12/2020,8.97
11/12/2020,8.96
12/12/2020,9
13/12/2020,9.13
14/12/2020,9.24
15/12/2020,9.07
16/12/2020,9.39
17/12/2020,10.85
18/12/2020,14.2
19/12/2020,15.63
20/12/2020,15.85
21/12/2020,14.86
22/12/2020,12.47
23/12/2020,10.66
24/12/2020,10.17
25/12/2020,10.04
26/12/2020,10.24
27/12/2020,10.4
28/12/2020,10.64
29/12/2020,10.1
30/12/2020,10.1
31/12/2020,10.1
