Date,Sg. Besut Jerteh (m)
1/1/2016,2.16
2/1/2016,0.79
3/1/2016,0.82
4/1/2016,0.56
5/1/2016,0.47
6/1/2016,0.48
7/1/2016,0.3
8/1/2016,0.32
9/1/2016,0.28
10/1/2016,0.26
11/1/2016,0.3
12/1/2016,0.73
13/1/2016,0.92
14/1/2016,0.92
15/1/2016,0.93
16/1/2016,0.92
17/1/2016,0.99
18/1/2016,0.78
19/1/2016,0.82
20/1/2016,0.84
21/1/2016,0.64
22/1/2016,2.18
23/1/2016,0.79
24/1/2016,1.13
25/1/2016,1.22
26/1/2016,2
27/1/2016,3.4
28/1/2016,3.2
29/1/2016,1.74
30/1/2016,1.4
31/1/2016,1.32
1/2/2016,1.2
2/2/2016,1.09
3/2/2016,1.34
4/2/2016,2.1
5/2/2016,2.13
6/2/2016,2.67
7/2/2016,2.02
8/2/2016,1.81
9/2/2016,1.6
10/2/2016,1.41
11/2/2016,1.3
12/2/2016,1.21
13/2/2016,1.31
14/2/2016,1.24
15/2/2016,0.93
16/2/2016,1.09
17/2/2016,1.03
18/2/2016,1.01
19/2/2016,1.04
20/2/2016,1.01
21/2/2016,0.95
22/2/2016,0.67
23/2/2016,0.78
24/2/2016,0.83
25/2/2016,0.87
26/2/2016,0.74
27/2/2016,1.15
28/2/2016,1.43
29/2/2016,1.05
1/3/2016,0.8
2/3/2016,0.69
3/3/2016,0.85
4/3/2016,0.73
5/3/2016,0.69
6/3/2016,0.68
7/3/2016,0.69
8/3/2016,0.66
9/3/2016,0.61
10/3/2016,0.48
11/3/2016,0.61
12/3/2016,0.62
13/3/2016,0.45
14/3/2016,0.54
15/3/2016,0.63
16/3/2016,0.5
17/3/2016,0.41
18/3/2016,0.53
19/3/2016,0.54
20/3/2016,0.41
21/3/2016,0.4
22/3/2016,0.37
23/3/2016,0.43
24/3/2016,0.4
25/3/2016,0.38
26/3/2016,0.47
27/3/2016,0.51
28/3/2016,0.67
29/3/2016,0.69
30/3/2016,0.38
31/3/2016,0.92
1/4/2016,0.45
2/4/2016,0.45
3/4/2016,0.43
4/4/2016,0.4
5/4/2016,0.39
6/4/2016,0.38
7/4/2016,0.37
8/4/2016,0.37
9/4/2016,0.39
10/4/2016,0.4
11/4/2016,0.4
12/4/2016,0.41
13/4/2016,0.4
14/4/2016,0.39
15/4/2016,0.38
16/4/2016,0.37
17/4/2016,0.37
18/4/2016,0.3
19/4/2016,0.3
20/4/2016,0.34
21/4/2016,0.3
22/4/2016,0.29
23/4/2016,0.32
24/4/2016,0.34
25/4/2016,0.34
26/4/2016,0.33
27/4/2016,0.38
28/4/2016,0.38
29/4/2016,0.39
30/4/2016,0.88
1/5/2016,0.35
2/5/2016,0.33
3/5/2016,0.32
4/5/2016,0.31
5/5/2016,0.32
6/5/2016,0.33
7/5/2016,0.37
8/5/2016,0.41
9/5/2016,0.39
10/5/2016,0.41
11/5/2016,0.41
12/5/2016,0.4
13/5/2016,0.39
14/5/2016,0.38
15/5/2016,0.35
16/5/2016,0.34
17/5/2016,0.34
18/5/2016,0.34
19/5/2016,0.33
20/5/2016,0.33
21/5/2016,0.34
22/5/2016,0.32
23/5/2016,0.36
24/5/2016,0.47
25/5/2016,0.46
26/5/2016,0.39
27/5/2016,0.35
28/5/2016,0.32
29/5/2016,0.57
30/5/2016,0.32
31/5/2016,0.34
1/6/2016,0.64
2/6/2016,0.4
3/6/2016,0.45
4/6/2016,0.72
5/6/2016,0.55
6/6/2016,0.41
7/6/2016,0.43
8/6/2016,0.43
9/6/2016,0.53
10/6/2016,0.55
11/6/2016,0.42
12/6/2016,0.35
13/6/2016,0.33
14/6/2016,0.33
15/6/2016,0.39
16/6/2016,0.35
17/6/2016,0.55
18/6/2016,0.98
19/6/2016,0.4
20/6/2016,0.39
21/6/2016,0.51
22/6/2016,0.44
23/6/2016,0.4
24/6/2016,0.53
25/6/2016,0.45
26/6/2016,0.46
27/6/2016,0.37
28/6/2016,0.37
29/6/2016,0.34
30/6/2016,0.39
1/7/2016,0.33
2/7/2016,0.37
3/7/2016,0.38
4/7/2016,0.4
5/7/2016,0.41
6/7/2016,0.49
7/7/2016,0.44
8/7/2016,0.41
9/7/2016,0.36
10/7/2016,0.37
11/7/2016,0.32
12/7/2016,0.31
13/7/2016,0.29
14/7/2016,0.34
15/7/2016,0.34
16/7/2016,0.34
17/7/2016,0.34
18/7/2016,0.37
19/7/2016,0.72
20/7/2016,0.61
21/7/2016,0.43
22/7/2016,0.42
23/7/2016,0.43
24/7/2016,0.5
25/7/2016,0.55
26/7/2016,0.64
27/7/2016,1.13
28/7/2016,0.76
29/7/2016,0.64
30/7/2016,0.35
31/7/2016,6.09
1/8/2016,0.38
2/8/2016,0.39
3/8/2016,0.38
4/8/2016,0.41
5/8/2016,0.38
6/8/2016,0.39
7/8/2016,0.35
8/8/2016,0.33
9/8/2016,0.25
10/8/2016,0.22
11/8/2016,0.27
12/8/2016,0.86
13/8/2016,0.91
14/8/2016,0.66
15/8/2016,0.32
16/8/2016,0.3
17/8/2016,0.3
18/8/2016,0.3
19/8/2016,0.3
20/8/2016,0.31
21/8/2016,0.31
22/8/2016,0.27
23/8/2016,0.26
24/8/2016,0.32
25/8/2016,0.34
26/8/2016,0.32
27/8/2016,0.34
28/8/2016,0.38
29/8/2016,0.35
30/8/2016,0.3
31/8/2016,0.3
1/9/2016,0.31
2/9/2016,0.32
3/9/2016,0.29
4/9/2016,0.28
5/9/2016,0.26
6/9/2016,0.24
7/9/2016,0.27
8/9/2016,0.24
9/9/2016,0.27
10/9/2016,0.36
11/9/2016,0.26
12/9/2016,0.27
13/9/2016,0.29
14/9/2016,0.31
15/9/2016,0.31
16/9/2016,0.32
17/9/2016,0.42
18/9/2016,0.4
19/9/2016,0.41
20/9/2016,0.63
21/9/2016,0.59
22/9/2016,0.51
23/9/2016,0.46
24/9/2016,0.43
25/9/2016,0.36
26/9/2016,0.35
27/9/2016,0.34
28/9/2016,0.32
29/9/2016,0.31
30/9/2016,0.53
1/10/2016,0.3
2/10/2016,0.29
3/10/2016,0.31
4/10/2016,0.33
5/10/2016,0.32
6/10/2016,0.29
7/10/2016,0.39
8/10/2016,0.56
9/10/2016,0.84
10/10/2016,0.37
11/10/2016,0.34
12/10/2016,0.32
13/10/2016,0.33
14/10/2016,0.37
15/10/2016,0.38
16/10/2016,0.39
17/10/2016,0.39
18/10/2016,0.39
19/10/2016,0.48
20/10/2016,0.67
21/10/2016,0.63
22/10/2016,0.82
23/10/2016,0.64
24/10/2016,0.5
25/10/2016,0.36
26/10/2016,0.31
27/10/2016,0.3
28/10/2016,0.45
29/10/2016,0.51
30/10/2016,1.58
31/10/2016,1.58
1/11/2016,1.12
2/11/2016,0.92
3/11/2016,1.04
4/11/2016,0.74
5/11/2016,0.72
6/11/2016,0.71
7/11/2016,0.83
8/11/2016,1.19
9/11/2016,1.2
10/11/2016,0.9
11/11/2016,0.95
12/11/2016,1
13/11/2016,0.93
14/11/2016,0.95
15/11/2016,0.87
16/11/2016,1.29
17/11/2016,1.46
18/11/2016,1.24
19/11/2016,1.01
20/11/2016,1.06
21/11/2016,1.16
22/11/2016,1.15
23/11/2016,0.58
24/11/2016,0.41
25/11/2016,0.44
26/11/2016,0.55
27/11/2016,0.73
28/11/2016,0.88
29/11/2016,2.14
30/11/2016,1.54
1/12/2016,2.47
2/12/2016,3.3
3/12/2016,2.33
4/12/2016,1.59
5/12/2016,1.37
6/12/2016,1.21
7/12/2016,1.19
8/12/2016,1.2
9/12/2016,1.13
10/12/2016,1.12
11/12/2016,1.12
12/12/2016,1.08
13/12/2016,0.74
14/12/2016,0.7
15/12/2016,0.91
16/12/2016,0.81
17/12/2016,0.81
18/12/2016,0.74
19/12/2016,2.55
20/12/2016,3.72
21/12/2016,1.08
22/12/2016,0.67
23/12/2016,2.05
24/12/2016,2.74
25/12/2016,1.32
26/12/2016,1.82
27/12/2016,1.34
28/12/2016,1.39
29/12/2016,1.14
30/12/2016,1.14
31/12/2016,1.14
1/1/2017,6.07
2/1/2017,6.34
3/1/2017,8.8
4/1/2017,7.33
5/1/2017,3.35
6/1/2017,2.8
7/1/2017,2.46
8/1/2017,2.01
9/1/2017,0.94
10/1/2017,1.71
11/1/2017,1.3
12/1/2017,0.93
13/1/2017,0.96
14/1/2017,0.89
15/1/2017,0.86
16/1/2017,0.74
17/1/2017,1.05
18/1/2017,0.94
19/1/2017,2.81
20/1/2017,5.66
21/1/2017,6.12
22/1/2017,5.04
23/1/2017,3.85
24/1/2017,4.09
25/1/2017,5.31
26/1/2017,4.36
27/1/2017,4.98
28/1/2017,3.44
29/1/2017,1.89
30/1/2017,2.19
31/1/2017,1.82
1/2/2017,1.57
2/2/2017,1.61
3/2/2017,1.73
4/2/2017,1.58
5/2/2017,1.34
6/2/2017,1.44
7/2/2017,1.18
8/2/2017,1.23
9/2/2017,1.12
10/2/2017,1.06
11/2/2017,1.35
12/2/2017,1.02
13/2/2017,1.33
14/2/2017,1.06
15/2/2017,1.42
16/2/2017,1.08
17/2/2017,1.08
18/2/2017,1.66
19/2/2017,1.68
20/2/2017,0.98
21/2/2017,1.07
22/2/2017,0.91
23/2/2017,0.85
24/2/2017,0.86
25/2/2017,0.89
26/2/2017,1.11
27/2/2017,1.94
28/2/2017,1.47
1/3/2017,1.99
2/3/2017,1.88
3/3/2017,1.73
4/3/2017,1.19
5/3/2017,1.15
6/3/2017,1.1
7/3/2017,0.85
8/3/2017,0.99
9/3/2017,0.81
10/3/2017,0.85
11/3/2017,0.78
12/3/2017,0.8
13/3/2017,0.64
14/3/2017,0.74
15/3/2017,0.61
16/3/2017,0.59
17/3/2017,0.63
18/3/2017,0.67
19/3/2017,0.52
20/3/2017,0.65
21/3/2017,0.55
22/3/2017,0.6
23/3/2017,0.57
24/3/2017,0.51
25/3/2017,0.53
26/3/2017,0.54
27/3/2017,0.6
28/3/2017,1.44
29/3/2017,0.56
30/3/2017,0.55
31/3/2017,0.67
1/4/2017,0.65
2/4/2017,0.8
3/4/2017,1.47
4/4/2017,0.98
5/4/2017,0.67
6/4/2017,0.76
7/4/2017,0.71
8/4/2017,0.9
9/4/2017,0.76
10/4/2017,1.01
11/4/2017,0.73
12/4/2017,1
13/4/2017,0.77
14/4/2017,0.75
15/4/2017,0.77
16/4/2017,0.58
17/4/2017,0.59
18/4/2017,0.67
19/4/2017,0.66
20/4/2017,0.58
21/4/2017,0.57
22/4/2017,0.48
23/4/2017,0.63
24/4/2017,0.49
25/4/2017,0.49
26/4/2017,0.51
27/4/2017,0.54
28/4/2017,0.55
29/4/2017,0.75
30/4/2017,0.92
1/5/2017,0.56
2/5/2017,0.55
3/5/2017,0.53
4/5/2017,0.5
5/5/2017,0.69
6/5/2017,0.46
7/5/2017,0.47
8/5/2017,0.45
9/5/2017,0.61
10/5/2017,0.94
11/5/2017,0.54
12/5/2017,0.5
13/5/2017,0.6
14/5/2017,0.64
15/5/2017,0.63
16/5/2017,0.6
17/5/2017,0.58
18/5/2017,0.62
19/5/2017,0.8
20/5/2017,0.86
21/5/2017,0.62
22/5/2017,0.59
23/5/2017,0.73
24/5/2017,0.67
25/5/2017,1.45
26/5/2017,0.61
27/5/2017,0.5
28/5/2017,0.51
29/5/2017,0.52
30/5/2017,0.56
31/5/2017,0.47
1/6/2017,0.6
2/6/2017,0.56
3/6/2017,0.55
4/6/2017,1.18
5/6/2017,0.48
6/6/2017,0.38
7/6/2017,1.1
8/6/2017,0.48
9/6/2017,0.47
10/6/2017,0.99
11/6/2017,0.84
12/6/2017,0.59
13/6/2017,0.58
14/6/2017,0.72
15/6/2017,0.52
16/6/2017,0.54
17/6/2017,0.52
18/6/2017,0.62
19/6/2017,0.76
20/6/2017,0.52
21/6/2017,0.63
22/6/2017,0.55
23/6/2017,0.47
24/6/2017,0.68
25/6/2017,0.68
26/6/2017,0.55
27/6/2017,0.55
28/6/2017,0.53
29/6/2017,0.53
30/6/2017,0.77
1/7/2017,0.44
2/7/2017,0.53
3/7/2017,0.42
4/7/2017,0.74
5/7/2017,1.03
6/7/2017,0.7
7/7/2017,0.57
8/7/2017,0.74
9/7/2017,0.75
10/7/2017,0.69
11/7/2017,0.54
12/7/2017,0.9
13/7/2017,0.83
14/7/2017,1.1
15/7/2017,0.52
16/7/2017,0.56
17/7/2017,0.51
18/7/2017,0.44
19/7/2017,0.48
20/7/2017,0.55
21/7/2017,0.5
22/7/2017,0.52
23/7/2017,0.72
24/7/2017,0.53
25/7/2017,0.58
26/7/2017,0.72
27/7/2017,0.53
28/7/2017,0.46
29/7/2017,0.65
30/7/2017,0.41
31/7/2017,2.22
1/8/2017,1.16
2/8/2017,0.91
3/8/2017,0.56
4/8/2017,1.18
5/8/2017,0.54
6/8/2017,0.6
7/8/2017,0.92
8/8/2017,0.53
9/8/2017,0.78
10/8/2017,0.74
11/8/2017,0.63
12/8/2017,0.7
13/8/2017,0.76
14/8/2017,0.74
15/8/2017,0.97
16/8/2017,1.28
17/8/2017,0.5
18/8/2017,0.4
19/8/2017,0.49
20/8/2017,0.46
21/8/2017,0.43
22/8/2017,0.46
23/8/2017,0.87
24/8/2017,0.91
25/8/2017,0.69
26/8/2017,1.44
27/8/2017,0.65
28/8/2017,0.68
29/8/2017,0.63
30/8/2017,0.62
31/8/2017,0.62
1/9/2017,0.64
2/9/2017,0.89
3/9/2017,0.46
4/9/2017,0.57
5/9/2017,0.68
6/9/2017,0.54
7/9/2017,0.55
8/9/2017,0.57
9/9/2017,0.46
10/9/2017,0.49
11/9/2017,0.67
12/9/2017,0.91
13/9/2017,0.77
14/9/2017,0.97
15/9/2017,1.05
16/9/2017,0.97
17/9/2017,0.67
18/9/2017,0.76
19/9/2017,0.88
20/9/2017,0.73
21/9/2017,0.76
22/9/2017,0.65
23/9/2017,0.73
24/9/2017,0.72
25/9/2017,0.55
26/9/2017,0.69
27/9/2017,0.51
28/9/2017,0.57
29/9/2017,1.13
30/9/2017,1.12
1/10/2017,0.59
2/10/2017,0.65
3/10/2017,1.34
4/10/2017,0.63
5/10/2017,0.63
6/10/2017,0.81
7/10/2017,0.62
8/10/2017,0.63
9/10/2017,0.68
10/10/2017,1.13
11/10/2017,0.67
12/10/2017,0.8
13/10/2017,0.98
14/10/2017,0.66
15/10/2017,0.57
16/10/2017,0.73
17/10/2017,0.83
18/10/2017,0.85
19/10/2017,0.85
20/10/2017,0.8
21/10/2017,0.83
22/10/2017,0.84
23/10/2017,0.9
24/10/2017,1
25/10/2017,0.82
26/10/2017,0.8
27/10/2017,0.83
28/10/2017,0.92
29/10/2017,4.55
30/10/2017,3.21
31/10/2017,3.21
1/11/2017,0.96
2/11/2017,1.03
3/11/2017,1.11
4/11/2017,1.13
5/11/2017,1.59
6/11/2017,2.18
7/11/2017,1.13
8/11/2017,1.26
9/11/2017,1.29
10/11/2017,1.32
11/11/2017,1.16
12/11/2017,1.36
13/11/2017,1.18
14/11/2017,1.07
15/11/2017,1.05
16/11/2017,0.87
17/11/2017,0.77
18/11/2017,0.75
19/11/2017,0.77
20/11/2017,0.76
21/11/2017,0.89
22/11/2017,1
23/11/2017,1.07
24/11/2017,1.18
25/11/2017,1.19
26/11/2017,4.89
27/11/2017,4.74
28/11/2017,6.91
29/11/2017,1.94
30/11/2017,2.1
1/12/2017,5.74
2/12/2017,4.01
3/12/2017,2.31
4/12/2017,2.25
5/12/2017,2.38
6/12/2017,2.21
7/12/2017,2.41
8/12/2017,2.81
9/12/2017,1.75
10/12/2017,1.55
11/12/2017,1.5
12/12/2017,1.36
13/12/2017,1.29
14/12/2017,1.28
15/12/2017,1.03
16/12/2017,1.24
17/12/2017,1.26
18/12/2017,1.27
19/12/2017,1.14
20/12/2017,1.11
21/12/2017,1.03
22/12/2017,1.15
23/12/2017,1.52
24/12/2017,1.38
25/12/2017,1.12
26/12/2017,0.85
27/12/2017,0.96
28/12/2017,0.86
29/12/2017,0.86
30/12/2017,0.86
31/12/2017,0.86
1/1/2018,3.35
2/1/2018,3.71
3/1/2018,3.43
4/1/2018,2.66
5/1/2018,2.1
6/1/2018,1.94
7/1/2018,1.63
8/1/2018,1.64
9/1/2018,1.3
10/1/2018,1.42
11/1/2018,1.63
12/1/2018,1.9
13/1/2018,1.66
14/1/2018,1.58
15/1/2018,1.3
16/1/2018,1.13
17/1/2018,1.2
18/1/2018,1.16
19/1/2018,1.1
20/1/2018,1.94
21/1/2018,3.18
22/1/2018,1.46
23/1/2018,1.36
24/1/2018,1.23
25/1/2018,1.06
26/1/2018,1.13
27/1/2018,1.17
28/1/2018,0.92
29/1/2018,1.06
30/1/2018,1
31/1/2018,0.91
1/2/2018,1.05
2/2/2018,1.03
3/2/2018,1.02
4/2/2018,0.93
5/2/2018,0.89
6/2/2018,0.71
7/2/2018,0.89
8/2/2018,0.69
9/2/2018,0.71
10/2/2018,0.73
11/2/2018,0.74
12/2/2018,1.08
13/2/2018,1.07
14/2/2018,1.09
15/2/2018,1
16/2/2018,0.95
17/2/2018,0.91
18/2/2018,0.88
19/2/2018,0.93
20/2/2018,1.08
21/2/2018,0.81
22/2/2018,0.94
23/2/2018,1.23
24/2/2018,3.32
25/2/2018,1.16
26/2/2018,1.22
27/2/2018,1.23
28/2/2018,0.96
1/3/2018,1.08
2/3/2018,0.94
3/3/2018,0.94
4/3/2018,0.9
5/3/2018,0.85
6/3/2018,0.86
7/3/2018,0.89
8/3/2018,0.88
9/3/2018,1
10/3/2018,1.18
11/3/2018,1.08
12/3/2018,0.98
13/3/2018,0.83
14/3/2018,1.1
15/3/2018,0.75
16/3/2018,0.9
17/3/2018,0.84
18/3/2018,0.75
19/3/2018,0.84
20/3/2018,0.86
21/3/2018,0.81
22/3/2018,0.81
23/3/2018,1
24/3/2018,0.82
25/3/2018,0.88
26/3/2018,1
27/3/2018,0.82
28/3/2018,0.74
29/3/2018,1.16
30/3/2018,1.12
31/3/2018,1.05
1/4/2018,1.15
2/4/2018,1.12
3/4/2018,1.05
4/4/2018,1.03
5/4/2018,1
6/4/2018,1.05
7/4/2018,1.15
8/4/2018,1.28
9/4/2018,1.42
10/4/2018,1.31
11/4/2018,1.15
12/4/2018,1.14
13/4/2018,1.12
14/4/2018,1.07
15/4/2018,1.07
16/4/2018,1.08
17/4/2018,1.13
18/4/2018,1.1
19/4/2018,1.08
20/4/2018,1.08
21/4/2018,1.4
22/4/2018,1.26
23/4/2018,1.14
24/4/2018,0.98
25/4/2018,0.97
26/4/2018,1.16
27/4/2018,1.31
28/4/2018,1.17
29/4/2018,1.06
30/4/2018,1.07
1/5/2018,1.1
2/5/2018,1.31
3/5/2018,1.37
4/5/2018,1.36
5/5/2018,1.38
6/5/2018,1.21
7/5/2018,0.95
8/5/2018,1.01
9/5/2018,2.26
10/5/2018,1.29
11/5/2018,1.03
12/5/2018,0.96
13/5/2018,0.97
14/5/2018,1.01
15/5/2018,1.17
16/5/2018,1.29
17/5/2018,1.73
18/5/2018,1.81
19/5/2018,1.11
20/5/2018,1.11
21/5/2018,1.08
22/5/2018,1.06
23/5/2018,1.04
24/5/2018,1.23
25/5/2018,1.78
26/5/2018,1.38
27/5/2018,1.26
28/5/2018,1.15
29/5/2018,1.16
30/5/2018,1.15
31/5/2018,2.11
1/6/2018,1.21
2/6/2018,1.22
3/6/2018,1.03
4/6/2018,0.94
5/6/2018,1
6/6/2018,1.35
7/6/2018,1.49
8/6/2018,1.38
9/6/2018,1.23
10/6/2018,1.14
11/6/2018,1.02
12/6/2018,1.08
13/6/2018,1.09
14/6/2018,1.05
15/6/2018,1.07
16/6/2018,1.11
17/6/2018,1.08
18/6/2018,1.07
19/6/2018,1
20/6/2018,1.04
21/6/2018,1.06
22/6/2018,1.06
23/6/2018,1.13
24/6/2018,1.11
25/6/2018,1.13
26/6/2018,1.18
27/6/2018,1.11
28/6/2018,1.18
29/6/2018,2.48
30/6/2018,2.5
1/7/2018,1.14
2/7/2018,1.16
3/7/2018,1.52
4/7/2018,1.96
5/7/2018,2.02
6/7/2018,2.02
7/7/2018,2.04
8/7/2018,2.07
9/7/2018,2.12
10/7/2018,2.09
11/7/2018,2.06
12/7/2018,1.62
13/7/2018,1.27
14/7/2018,1.27
15/7/2018,1.29
16/7/2018,1.25
17/7/2018,1.25
18/7/2018,1.18
19/7/2018,1.27
20/7/2018,1.3
21/7/2018,1.17
22/7/2018,1.18
23/7/2018,1.35
24/7/2018,1.15
25/7/2018,1.91
26/7/2018,2.05
27/7/2018,2.04
28/7/2018,2.27
29/7/2018,2.33
30/7/2018,2.17
31/7/2018,0.81
1/8/2018,2.08
2/8/2018,2.06
3/8/2018,2.05
4/8/2018,2.05
5/8/2018,2.04
6/8/2018,2.04
7/8/2018,2.04
8/8/2018,2.04
9/8/2018,2.05
10/8/2018,2.05
11/8/2018,2.04
12/8/2018,2.04
13/8/2018,2.03
14/8/2018,2.02
15/8/2018,2.01
16/8/2018,2.01
17/8/2018,2.01
18/8/2018,2.02
19/8/2018,2.08
20/8/2018,2.13
21/8/2018,2.09
22/8/2018,2.47
23/8/2018,2.64
24/8/2018,2.21
25/8/2018,2.11
26/8/2018,2.09
27/8/2018,2.08
28/8/2018,2.15
29/8/2018,2.12
30/8/2018,2.09
31/8/2018,2.09
1/9/2018,2.14
2/9/2018,2.16
3/9/2018,2.14
4/9/2018,2.32
5/9/2018,2.23
6/9/2018,2.24
7/9/2018,2.52
8/9/2018,2.45
9/9/2018,2.57
10/9/2018,2.56
11/9/2018,2.32
12/9/2018,2.4
13/9/2018,2.37
14/9/2018,2.4
15/9/2018,2.43
16/9/2018,2.24
17/9/2018,2.23
18/9/2018,2.31
19/9/2018,2.26
20/9/2018,2.19
21/9/2018,2.15
22/9/2018,2.15
23/9/2018,2.17
24/9/2018,2.11
25/9/2018,2.09
26/9/2018,2.16
27/9/2018,2.2
28/9/2018,2.19
29/9/2018,0.8
30/9/2018,1.08
1/10/2018,2.08
2/10/2018,2.09
3/10/2018,2.19
4/10/2018,2.21
5/10/2018,2.26
6/10/2018,1.22
7/10/2018,0.75
8/10/2018,0.68
9/10/2018,0.97
10/10/2018,0.99
11/10/2018,1.16
12/10/2018,1.15
13/10/2018,1.04
14/10/2018,0.65
15/10/2018,0.63
16/10/2018,0.63
17/10/2018,0.61
18/10/2018,0.64
19/10/2018,0.7
20/10/2018,0.72
21/10/2018,0.72
22/10/2018,0.72
23/10/2018,0.66
24/10/2018,0.66
25/10/2018,0.65
26/10/2018,0.71
27/10/2018,0.74
28/10/2018,0.85
29/10/2018,0.68
30/10/2018,0.64
31/10/2018,0.64
1/11/2018,0.93
2/11/2018,1.57
3/11/2018,3
4/11/2018,1.63
5/11/2018,2.05
6/11/2018,3.47
7/11/2018,1.99
8/11/2018,1.51
9/11/2018,1.71
10/11/2018,1.38
11/11/2018,1.34
12/11/2018,1.27
13/11/2018,1.19
14/11/2018,1.03
15/11/2018,1.17
16/11/2018,1.19
17/11/2018,0.75
18/11/2018,0.69
19/11/2018,1.11
20/11/2018,1.17
21/11/2018,0.95
22/11/2018,0.79
23/11/2018,0.79
24/11/2018,0.76
25/11/2018,0.69
26/11/2018,0.72
27/11/2018,0.76
28/11/2018,0.79
29/11/2018,0.86
30/11/2018,0.78
1/12/2018,1.99
2/12/2018,1.73
3/12/2018,1.38
4/12/2018,1.51
5/12/2018,2.45
6/12/2018,2.67
7/12/2018,1.92
8/12/2018,1.09
9/12/2018,0.65
10/12/2018,1.55
11/12/2018,1.29
12/12/2018,2.82
13/12/2018,4.35
14/12/2018,2.26
15/12/2018,3.95
16/12/2018,2.73
17/12/2018,2.56
18/12/2018,2
19/12/2018,1.64
20/12/2018,1.46
21/12/2018,1.12
22/12/2018,1.24
23/12/2018,1.09
24/12/2018,1.07
25/12/2018,1.05
26/12/2018,1.02
27/12/2018,0.91
28/12/2018,0.94
29/12/2018,0.94
30/12/2018,0.94
31/12/2018,0.94
1/1/2019,0.85
2/1/2019,0.86
3/1/2019,1.07
4/1/2019,0.94
5/1/2019,0.88
6/1/2019,0.79
7/1/2019,1.01
8/1/2019,0.98
9/1/2019,1.02
10/1/2019,1.09
11/1/2019,0.73
12/1/2019,0.92
13/1/2019,1.2
14/1/2019,0.94
15/1/2019,0.69
16/1/2019,0.8
17/1/2019,1.21
18/1/2019,1.24
19/1/2019,1.13
20/1/2019,0.93
21/1/2019,1.12
22/1/2019,2.26
23/1/2019,2.28
24/1/2019,2.25
25/1/2019,2.31
26/1/2019,2.33
27/1/2019,2.15
28/1/2019,2.17
29/1/2019,2.27
30/1/2019,2.27
31/1/2019,2.17
1/2/2019,2.21
2/2/2019,2.29
3/2/2019,2.46
4/2/2019,2.21
5/2/2019,2.14
6/2/2019,2.23
7/2/2019,2.21
8/2/2019,2.14
9/2/2019,2.13
10/2/2019,2.19
11/2/2019,2.18
12/2/2019,2.17
13/2/2019,2.35
14/2/2019,2.41
15/2/2019,2.22
16/2/2019,2.21
17/2/2019,2.15
18/2/2019,2.16
19/2/2019,2.14
20/2/2019,2.2
21/2/2019,2.13
22/2/2019,2.07
23/2/2019,2.15
24/2/2019,2.18
25/2/2019,2.08
26/2/2019,2.08
27/2/2019,2.07
28/2/2019,2.08
1/3/2019,2.06
2/3/2019,2.05
3/3/2019,2.05
4/3/2019,2.04
5/3/2019,2.06
6/3/2019,2.04
7/3/2019,2.04
8/3/2019,2.04
9/3/2019,2.04
10/3/2019,2.04
11/3/2019,2.04
12/3/2019,2.04
13/3/2019,2.03
14/3/2019,2.02
15/3/2019,2.02
16/3/2019,2.01
17/3/2019,1.96
18/3/2019,2
19/3/2019,2.01
20/3/2019,2.01
21/3/2019,2.01
22/3/2019,2.01
23/3/2019,2
24/3/2019,2
25/3/2019,2
26/3/2019,2.01
27/3/2019,2.01
28/3/2019,2.01
29/3/2019,1.81
30/3/2019,1.77
31/3/2019,2.05
1/4/2019,2.01
2/4/2019,2.01
3/4/2019,2.01
4/4/2019,2.01
5/4/2019,2.01
6/4/2019,2.01
7/4/2019,2.01
8/4/2019,2.01
9/4/2019,2
10/4/2019,2
11/4/2019,2
12/4/2019,2.01
13/4/2019,2.04
14/4/2019,2.16
15/4/2019,2.13
16/4/2019,2.09
17/4/2019,2.01
18/4/2019,2.01
19/4/2019,2
20/4/2019,2
21/4/2019,1.99
22/4/2019,1.97
23/4/2019,1.93
24/4/2019,1.92
25/4/2019,1.91
26/4/2019,1.95
27/4/2019,2.06
28/4/2019,2.01
29/4/2019,1.92
30/4/2019,1.93
1/5/2019,2.07
2/5/2019,1.98
3/5/2019,1.91
4/5/2019,1.91
5/5/2019,1.92
6/5/2019,1.91
7/5/2019,1.9
8/5/2019,1.99
9/5/2019,2.01
10/5/2019,2
11/5/2019,2
12/5/2019,2
13/5/2019,2.01
14/5/2019,2.01
15/5/2019,2.02
16/5/2019,2.07
17/5/2019,2.08
18/5/2019,2.08
19/5/2019,2.09
20/5/2019,2.08
21/5/2019,2.04
22/5/2019,2.01
23/5/2019,1.96
24/5/2019,1.93
25/5/2019,2.08
26/5/2019,2.11
27/5/2019,2.01
28/5/2019,1.94
29/5/2019,0.64
30/5/2019,0.75
31/5/2019,2.12
1/6/2019,2.07
2/6/2019,2.05
3/6/2019,2.03
4/6/2019,1.41
5/6/2019,1.87
6/6/2019,2.51
7/6/2019,2.53
8/6/2019,2.16
9/6/2019,2.12
10/6/2019,1.65
11/6/2019,0.97
12/6/2019,1.59
13/6/2019,2.07
14/6/2019,2.09
15/6/2019,2.27
16/6/2019,2.18
17/6/2019,2.39
18/6/2019,2.43
19/6/2019,2.53
20/6/2019,2.19
21/6/2019,2.18
22/6/2019,2.18
23/6/2019,2.22
24/6/2019,2.15
25/6/2019,1.98
26/6/2019,2.6
27/6/2019,2
28/6/2019,0.92
29/6/2019,2.03
30/6/2019,2.03
1/7/2019,0.58
2/7/2019,0.41
3/7/2019,0.6
4/7/2019,1.38
5/7/2019,1.87
6/7/2019,2.09
7/7/2019,2.13
8/7/2019,2.09
9/7/2019,2.19
10/7/2019,2.09
11/7/2019,2.06
12/7/2019,2.07
13/7/2019,2.09
14/7/2019,2.21
15/7/2019,2.35
16/7/2019,2.08
17/7/2019,2.09
18/7/2019,2.12
19/7/2019,2.09
20/7/2019,2.07
21/7/2019,2.12
22/7/2019,2.11
23/7/2019,2.04
24/7/2019,2.21
25/7/2019,2.14
26/7/2019,2.06
27/7/2019,2.05
28/7/2019,2.05
29/7/2019,2.09
30/7/2019,2.21
31/7/2019,2.02
1/8/2019,2.07
2/8/2019,2.03
3/8/2019,2.02
4/8/2019,2.02
5/8/2019,2.01
6/8/2019,2.01
7/8/2019,2
8/8/2019,2
9/8/2019,2
10/8/2019,2.01
11/8/2019,2.09
12/8/2019,2.34
13/8/2019,2.16
14/8/2019,2.09
15/8/2019,2.09
16/8/2019,2.09
17/8/2019,2.08
18/8/2019,2.1
19/8/2019,2.06
20/8/2019,2.04
21/8/2019,2.05
22/8/2019,2.06
23/8/2019,2.05
24/8/2019,2.18
25/8/2019,2.5
26/8/2019,2.16
27/8/2019,2.11
28/8/2019,2.1
29/8/2019,2.03
30/8/2019,2.03
31/8/2019,2.03
1/9/2019,2.06
2/9/2019,2.05
3/9/2019,2.06
4/9/2019,2.1
5/9/2019,2.2
6/9/2019,2.11
7/9/2019,2.12
8/9/2019,2.17
9/9/2019,2.16
10/9/2019,2.1
11/9/2019,2.08
12/9/2019,2.07
13/9/2019,0.9
14/9/2019,0.26
15/9/2019,0.84
16/9/2019,1.51
17/9/2019,2.02
18/9/2019,2.13
19/9/2019,2.08
20/9/2019,2.05
21/9/2019,2.05
22/9/2019,2.04
23/9/2019,2.04
24/9/2019,2.04
25/9/2019,2.07
26/9/2019,1.77
27/9/2019,2.01
28/9/2019,2.04
29/9/2019,2.21
30/9/2019,2.17
1/10/2019,2.04
2/10/2019,1.95
3/10/2019,2.06
4/10/2019,2.09
5/10/2019,2.13
6/10/2019,2.11
7/10/2019,2.1
8/10/2019,2.08
9/10/2019,2.08
10/10/2019,2.2
11/10/2019,2.35
12/10/2019,2.17
13/10/2019,1.99
14/10/2019,2.1
15/10/2019,2.35
16/10/2019,2.38
17/10/2019,2.27
18/10/2019,2.2
19/10/2019,2.14
20/10/2019,2.09
21/10/2019,2.08
22/10/2019,2.08
23/10/2019,2.11
24/10/2019,2.2
25/10/2019,2.24
26/10/2019,2.23
27/10/2019,2.22
28/10/2019,2.21
29/10/2019,7.22
30/10/2019,7.23
31/10/2019,7.23
1/11/2019,2.43
2/11/2019,2.32
3/11/2019,2.31
4/11/2019,2.43
5/11/2019,2.72
6/11/2019,2.58
7/11/2019,2.36
8/11/2019,2.35
9/11/2019,2.56
10/11/2019,2.49
11/11/2019,2.58
12/11/2019,2.54
13/11/2019,2.69
14/11/2019,1.87
15/11/2019,1.04
16/11/2019,0.9
17/11/2019,0.83
18/11/2019,0.71
19/11/2019,0.56
20/11/2019,0.63
21/11/2019,0.6
22/11/2019,1.05
23/11/2019,1.16
24/11/2019,0.92
25/11/2019,0.96
26/11/2019,0.98
27/11/2019,2.88
28/11/2019,4.17
29/11/2019,2.06
30/11/2019,2.09
1/12/2019,7.33
2/12/2019,7.58
3/12/2019,3.9
4/12/2019,1.49
5/12/2019,1.73
6/12/2019,1.59
7/12/2019,1.15
8/12/2019,2.1
9/12/2019,1.36
10/12/2019,1.06
11/12/2019,1.12
12/12/2019,0.99
13/12/2019,0.95
14/12/2019,1.27
15/12/2019,1.94
16/12/2019,2.57
17/12/2019,2.79
18/12/2019,5.84
19/12/2019,3.56
20/12/2019,1.57
21/12/2019,1.82
22/12/2019,1.41
23/12/2019,2.12
24/12/2019,2.37
25/12/2019,2.32
26/12/2019,2.19
27/12/2019,2.23
28/12/2019,2.17
29/12/2019,2.17
30/12/2019,2.17
31/12/2019,2.17
1/1/2020,2.09
2/1/2020,2.09
3/1/2020,2.19
4/1/2020,2.19
5/1/2020,2.06
6/1/2020,0.73
7/1/2020,0.88
8/1/2020,1.72
9/1/2020,2.03
10/1/2020,1.9
11/1/2020,2.04
12/1/2020,1.82
13/1/2020,1.93
14/1/2020,1.85
15/1/2020,1.84
16/1/2020,1.85
17/1/2020,1.92
18/1/2020,2.01
19/1/2020,2.04
20/1/2020,2.02
21/1/2020,2.01
22/1/2020,1.95
23/1/2020,1.88
24/1/2020,1.87
25/1/2020,1.86
26/1/2020,1.86
27/1/2020,1.85
28/1/2020,1.82
29/1/2020,1.8
30/1/2020,1.81
31/1/2020,1.83
1/2/2020,1.88
2/2/2020,1.94
3/2/2020,1.83
4/2/2020,1.25
5/2/2020,1.16
6/2/2020,1.14
7/2/2020,1.14
8/2/2020,1.14
9/2/2020,1.2
10/2/2020,1.76
11/2/2020,1.66
12/2/2020,1.42
13/2/2020,1.16
14/2/2020,0.36
15/2/2020,1.34
16/2/2020,1.4
17/2/2020,1.36
18/2/2020,1.58
19/2/2020,1
20/2/2020,1.32
21/2/2020,1.26
22/2/2020,1.52
23/2/2020,1.01
24/2/2020,1.87
25/2/2020,1.08
26/2/2020,1.3
27/2/2020,1.41
28/2/2020,1.28
29/2/2020,1.3
1/3/2020,1.3
2/3/2020,1.22
3/3/2020,1.22
4/3/2020,1.26
5/3/2020,1.25
6/3/2020,1.25
7/3/2020,1.19
8/3/2020,1.19
9/3/2020,1.25
10/3/2020,1.16
11/3/2020,1.13
12/3/2020,1.16
13/3/2020,1.21
14/3/2020,1.18
15/3/2020,1.09
16/3/2020,1.14
17/3/2020,1.19
18/3/2020,1.07
19/3/2020,1.1
20/3/2020,1.12
21/3/2020,1.12
22/3/2020,1.13
23/3/2020,1.12
24/3/2020,1.12
25/3/2020,1.12
26/3/2020,1.12
27/3/2020,1.06
28/3/2020,1.02
29/3/2020,1.06
30/3/2020,1.08
31/3/2020,2.06
1/4/2020,1.1
2/4/2020,1.05
3/4/2020,1.05
4/4/2020,1.11
5/4/2020,1.16
6/4/2020,1.18
7/4/2020,1.16
8/4/2020,1.16
9/4/2020,1.15
10/4/2020,1.15
11/4/2020,1.16
12/4/2020,1.15
13/4/2020,1.15
14/4/2020,1.14
15/4/2020,1.14
16/4/2020,1.13
17/4/2020,1.13
18/4/2020,1.14
19/4/2020,1.12
20/4/2020,1.06
21/4/2020,1.05
22/4/2020,1.05
23/4/2020,1.06
24/4/2020,1.06
25/4/2020,1.07
26/4/2020,1.07
27/4/2020,1.08
28/4/2020,1.1
29/4/2020,1.09
30/4/2020,2.14
1/5/2020,1.08
2/5/2020,1.12
3/5/2020,1.16
4/5/2020,1.16
5/5/2020,1.16
6/5/2020,1.16
7/5/2020,1.15
8/5/2020,1.15
9/5/2020,1.15
10/5/2020,1.15
11/5/2020,1.15
12/5/2020,1.15
13/5/2020,1.12
14/5/2020,1.05
15/5/2020,1.01
16/5/2020,0.99
17/5/2020,1.08
18/5/2020,1.25
19/5/2020,1.87
20/5/2020,2.1
21/5/2020,2.1
22/5/2020,2.09
23/5/2020,2.03
24/5/2020,2.03
25/5/2020,2.12
26/5/2020,2.14
27/5/2020,2.1
28/5/2020,2.02
29/5/2020,2.04
30/5/2020,2.16
31/5/2020,2.19
1/6/2020,2.15
2/6/2020,2.16
3/6/2020,2.16
4/6/2020,2.13
5/6/2020,2.18
6/6/2020,2.23
7/6/2020,2.29
8/6/2020,2.46
9/6/2020,2.19
10/6/2020,2.57
11/6/2020,2.26
12/6/2020,2.22
13/6/2020,2.26
14/6/2020,2.11
15/6/2020,2.16
16/6/2020,2.22
17/6/2020,2.21
18/6/2020,2.24
19/6/2020,2.18
20/6/2020,2.25
21/6/2020,2.32
22/6/2020,2.22
23/6/2020,2.27
24/6/2020,2.18
25/6/2020,2.21
26/6/2020,2.32
27/6/2020,2.31
28/6/2020,2.21
29/6/2020,2.16
30/6/2020,2.34
1/7/2020,2.41
2/7/2020,2.66
3/7/2020,2.27
4/7/2020,2.48
5/7/2020,2.27
6/7/2020,2.22
7/7/2020,2.2
8/7/2020,2.33
9/7/2020,2.32
10/7/2020,2.51
11/7/2020,2.28
12/7/2020,2.53
13/7/2020,2.37
14/7/2020,2.14
15/7/2020,2.28
16/7/2020,2.4
17/7/2020,2.3
18/7/2020,2.31
19/7/2020,2.3
20/7/2020,2.29
21/7/2020,2.24
22/7/2020,2.32
23/7/2020,2.23
24/7/2020,2.4
25/7/2020,2.36
26/7/2020,2.31
27/7/2020,2.38
28/7/2020,2.28
29/7/2020,2.27
30/7/2020,2.18
31/7/2020,2.18
1/8/2020,2.2
2/8/2020,2.32
3/8/2020,2.23
4/8/2020,2.19
5/8/2020,2.2
6/8/2020,2.23
7/8/2020,2.17
8/8/2020,2.18
9/8/2020,2.2
10/8/2020,2.25
11/8/2020,2.26
12/8/2020,2.22
13/8/2020,2.21
14/8/2020,2.28
15/8/2020,2.15
16/8/2020,2.12
17/8/2020,2.21
18/8/2020,2.16
19/8/2020,2.28
20/8/2020,2.21
21/8/2020,2.33
22/8/2020,2.48
23/8/2020,2.27
24/8/2020,2.24
25/8/2020,2.23
26/8/2020,2.18
27/8/2020,2.17
28/8/2020,2.22
29/8/2020,2.22
30/8/2020,2.02
31/8/2020,2.02
1/9/2020,2.2
2/9/2020,2.18
3/9/2020,2.17
4/9/2020,2.18
5/9/2020,2.23
6/9/2020,2.36
7/9/2020,2.32
8/9/2020,2.28
9/9/2020,2.26
10/9/2020,2.21
11/9/2020,2.28
12/9/2020,2.3
13/9/2020,2.28
14/9/2020,2.29
15/9/2020,2.4
16/9/2020,2.23
17/9/2020,2.21
18/9/2020,2.21
19/9/2020,2.17
20/9/2020,2.31
21/9/2020,2.28
22/9/2020,2.15
23/9/2020,2.09
24/9/2020,2.14
25/9/2020,2.19
26/9/2020,2.19
27/9/2020,2.25
28/9/2020,2.62
29/9/2020,2.23
30/9/2020,1.79
1/10/2020,1.99
2/10/2020,2
3/10/2020,2.13
4/10/2020,2.42
5/10/2020,2.46
6/10/2020,2.55
7/10/2020,2.36
8/10/2020,2.52
9/10/2020,2.39
10/10/2020,2.34
11/10/2020,2.4
12/10/2020,2.38
13/10/2020,1.54
14/10/2020,1.65
15/10/2020,2.26
16/10/2020,2.24
17/10/2020,2.22
18/10/2020,2.33
19/10/2020,2.34
20/10/2020,2.4
21/10/2020,2.37
22/10/2020,2.08
23/10/2020,1.98
24/10/2020,2.02
25/10/2020,2.29
26/10/2020,2.35
27/10/2020,2.11
28/10/2020,1.97
29/10/2020,1.84
30/10/2020,1.31
31/10/2020,1.31
1/11/2020,2.05
2/11/2020,2.08
3/11/2020,1.76
4/11/2020,1.76
5/11/2020,1.88
6/11/2020,1.88
7/11/2020,1.94
8/11/2020,1.93
9/11/2020,1.22
10/11/2020,0.98
11/11/2020,0.97
12/11/2020,1.14
13/11/2020,1.19
14/11/2020,0.94
15/11/2020,0.92
16/11/2020,0.94
17/11/2020,1.41
18/11/2020,2.84
19/11/2020,1.06
20/11/2020,0.77
21/11/2020,0.76
22/11/2020,0.79
23/11/2020,1.85
24/11/2020,4.41
25/11/2020,1.76
26/11/2020,1.52
27/11/2020,3.25
28/11/2020,1.82
29/11/2020,1.2
30/11/2020,0.92
1/12/2020,1.29
2/12/2020,1.69
3/12/2020,4.12
4/12/2020,3.52
5/12/2020,1.26
6/12/2020,1.38
7/12/2020,1.12
8/12/2020,1.07
9/12/2020,0.87
10/12/2020,0.8
11/12/2020,0.77
12/12/2020,0.8
13/12/2020,0.72
14/12/2020,0.79
15/12/2020,0.87
16/12/2020,1.66
17/12/2020,4.66
18/12/2020,5.48
19/12/2020,4.65
20/12/2020,3.56
21/12/2020,1.45
22/12/2020,1.68
23/12/2020,1.37
24/12/2020,1.24
25/12/2020,0.97
26/12/2020,1.33
27/12/2020,1.57
28/12/2020,1
29/12/2020,1.14
30/12/2020,1.14
31/12/2020,1.14
