,Date,Sg. Galas Dabong (m)
0,2016-01-01,27.69
1,2016-02-01,27.7
2,2016-03-01,26.8
3,2016-04-01,26.32
4,2016-05-01,26.22
5,2016-06-01,26.05
6,2016-07-01,25.98
7,2016-08-01,25.89
8,2016-09-01,25.81
9,2016-10-01,25.68
10,2016-11-01,25.51
11,2016-12-01,25.47
12,2016-01-13,25.41
13,2016-01-14,25.41
14,2016-01-15,25.59
15,2016-01-16,25.58
16,2016-01-17,26.63
17,2016-01-18,26.52
18,2016-01-19,26.06
19,2016-01-20,25.59
20,2016-01-21,25.38
21,2016-01-22,25.47
22,2016-01-23,25.43
23,2016-01-24,25.22
24,2016-01-25,25.15
25,2016-01-26,25.64
26,2016-01-27,26.27
27,2016-01-28,26.18
28,2016-01-29,25.94
29,2016-01-30,25.63
30,2016-01-31,25.39
31,2016-01-02,25.25
32,2016-02-02,25.2
33,2016-03-02,25.27
34,2016-04-02,25.73
35,2016-05-02,26.37
36,2016-06-02,28.16
37,2016-07-02,28.19
38,2016-08-02,27.55
39,2016-09-02,26.47
40,2016-10-02,26.07
41,2016-11-02,25.86
42,2016-12-02,25.89
43,2016-02-13,26.26
44,2016-02-14,26.38
45,2016-02-15,25.85
46,2016-02-16,26.2
47,2016-02-17,26.07
48,2016-02-18,25.63
49,2016-02-19,25.49
50,2016-02-20,25.72
51,2016-02-21,25.46
52,2016-02-22,25.28
53,2016-02-23,25.33
54,2016-02-24,25.42
55,2016-02-25,25.27
56,2016-02-26,25.18
57,2016-02-27,25.18
58,2016-02-28,25.65
59,2016-02-29,25.61
60,2016-01-03,25.56
61,2016-02-03,25.3
62,2016-03-03,25.19
63,2016-04-03,25.06
64,2016-05-03,25.03
65,2016-06-03,24.99
66,2016-07-03,24.97
67,2016-08-03,24.98
68,2016-09-03,24.87
69,2016-10-03,24.85
70,2016-11-03,24.86
71,2016-12-03,24.98
72,2016-03-13,24.8
73,2016-03-14,24.69
74,2016-03-15,24.74
75,2016-03-16,24.68
76,2016-03-17,24.65
77,2016-03-18,24.69
78,2016-03-19,24.72
79,2016-03-20,24.62
80,2016-03-21,24.58
212,2016-07-31,33.65
303,2016-10-30,29.16
304,2016-10-31,29.16
321,2016-11-17,28.38
322,2016-11-18,28.18
323,2016-11-19,28.26
324,2016-11-20,28.66
325,2016-11-21,30.56
326,2016-11-22,29.86
327,2016-11-23,29.12
328,2016-11-24,29.04
329,2016-11-25,29.02
330,2016-11-26,28.73
331,2016-11-27,28.85
332,2016-11-28,28.85
333,2016-11-29,29.03
334,2016-11-30,28.66
335,2016-01-12,28.77
336,2016-02-12,31.3
337,2016-03-12,30.79
338,2016-04-12,29.49
339,2016-05-12,29.26
340,2016-06-12,29.05
341,2016-07-12,29.77
342,2016-08-12,29.49
343,2016-09-12,29.75
344,2016-10-12,30.27
345,2016-11-12,31.26
346,2016-12-12,31.14
347,2016-12-13,29.2
348,2016-12-14,28.93
349,2016-12-15,28.73
350,2016-12-16,28.55
351,2016-12-17,28.55
352,2016-12-18,29.53
353,2016-12-19,29.02
354,2016-12-20,29.38
355,2016-12-21,29.29
356,2016-12-22,28.86
357,2016-12-23,28.75
358,2016-12-24,29.2
359,2016-12-25,30.65
360,2016-12-26,29.34
361,2016-12-27,29.33
362,2016-12-28,29.14
363,2016-12-29,28.79
364,2016-12-30,28.79
365,2016-12-31,28.79
366,2017-01-01,35.67
367,2017-02-01,33.24
368,2017-03-01,33.99
369,2017-04-01,31.95
370,2017-05-01,31.07
371,2017-06-01,30.49
372,2017-07-01,30.22
373,2017-08-01,29.91
374,2017-09-01,29.54
375,2017-10-01,29.33
376,2017-11-01,29.22
377,2017-12-01,29.31
378,2017-01-13,29.23
379,2017-01-14,28.93
380,2017-01-15,28.87
381,2017-01-16,28.8
382,2017-01-17,29.55
383,2017-01-18,30.15
384,2017-01-19,30.36
385,2017-01-20,30.84
386,2017-01-21,30.71
387,2017-01-22,33.79
388,2017-01-23,33.35
389,2017-01-24,35.62
390,2017-01-25,37.32
391,2017-01-26,37.49
392,2017-01-27,37.47
393,2017-01-28,37.98
394,2017-01-29,33.58
395,2017-01-30,31.78
396,2017-01-31,31.49
397,2017-01-02,30.93
398,2017-02-02,30.81
399,2017-03-02,30.71
400,2017-04-02,30.57
401,2017-05-02,30.38
402,2017-06-02,30.41
403,2017-07-02,30.16
404,2017-08-02,29.9
405,2017-09-02,29.78
406,2017-10-02,29.54
407,2017-11-02,29.6
408,2017-12-02,29.55
409,2017-02-13,29.59
410,2017-02-14,29.71
411,2017-02-15,29.93
412,2017-02-16,29.98
413,2017-02-17,29.63
414,2017-02-18,29.54
415,2017-02-19,29.65
416,2017-02-20,29.68
417,2017-02-21,29.38
418,2017-02-22,29.25
419,2017-02-23,29.27
420,2017-02-24,29.33
421,2017-02-25,29.32
422,2017-02-26,29.67
423,2017-02-27,30.61
424,2017-02-28,30.68
425,2017-01-03,30.53
426,2017-02-03,31.35
427,2017-03-03,31.88
428,2017-04-03,30.95
429,2017-05-03,29.91
430,2017-06-03,29.6
431,2017-07-03,29.55
432,2017-08-03,29.38
433,2017-09-03,29.17
434,2017-10-03,29.15
435,2017-11-03,28.98
436,2017-12-03,28.94
437,2017-03-13,28.82
438,2017-03-14,28.91
439,2017-03-15,28.94
440,2017-03-16,28.71
441,2017-03-17,28.78
442,2017-03-18,28.72
443,2017-03-19,28.71
444,2017-03-20,29.67
445,2017-03-21,29.45
446,2017-03-22,29.26
447,2017-03-23,28.8
448,2017-03-24,28.68
449,2017-03-25,28.7
450,2017-03-26,28.76
451,2017-03-27,28.59
452,2017-03-28,28.84
453,2017-03-29,28.87
454,2017-03-30,28.97
455,2017-03-31,29.78
456,2017-01-04,29.36
457,2017-02-04,29.91
458,2017-03-04,29.92
459,2017-04-04,29.89
460,2017-05-04,29.32
461,2017-06-04,29.09
462,2017-07-04,29.18
463,2017-08-04,29.98
464,2017-09-04,30.04
465,2017-10-04,29.33
466,2017-11-04,29.6
467,2017-12-04,29.84
468,2017-04-13,29.73
469,2017-04-14,29.72
470,2017-04-15,29.54
471,2017-04-16,29.02
472,2017-04-17,28.83
473,2017-04-18,28.98
474,2017-04-19,29.21
475,2017-04-20,29.48
476,2017-04-21,30.38
477,2017-04-22,29.68
478,2017-04-23,29.26
479,2017-04-24,29.07
480,2017-04-25,29.17
481,2017-04-26,29.17
482,2017-04-27,29.22
483,2017-04-28,29.03
484,2017-04-29,29.24
485,2017-04-30,30.32
486,2017-01-05,28.68
487,2017-02-05,28.61
488,2017-03-05,28.73
489,2017-04-05,28.83
490,2017-05-05,28.97
491,2017-06-05,29.53
492,2017-07-05,29.0
493,2017-08-05,28.94
494,2017-09-05,29.36
495,2017-10-05,30.93
496,2017-11-05,29.76
497,2017-12-05,30.12
498,2017-05-13,30.2
499,2017-05-14,29.79
500,2017-05-15,29.42
501,2017-05-16,30.14
502,2017-05-17,30.14
503,2017-05-18,29.55
504,2017-05-19,30.81
505,2017-05-20,30.88
506,2017-05-21,29.91
507,2017-05-22,29.91
508,2017-05-23,30.06
509,2017-05-24,30.27
510,2017-05-25,29.92
511,2017-05-26,30.0
512,2017-05-27,29.7
513,2017-05-28,29.52
514,2017-05-29,29.02
515,2017-05-30,29.99
516,2017-05-31,30.45
517,2017-01-06,29.52
518,2017-02-06,29.27
519,2017-03-06,29.43
520,2017-04-06,29.88
521,2017-05-06,29.31
522,2017-06-06,29.25
523,2017-07-06,29.14
524,2017-08-06,29.06
525,2017-09-06,29.0
526,2017-10-06,29.83
527,2017-11-06,30.09
528,2017-12-06,29.15
529,2017-06-13,28.93
530,2017-06-14,29.28
531,2017-06-15,29.4
532,2017-06-16,29.21
533,2017-06-17,29.23
534,2017-06-18,29.47
535,2017-06-19,29.4
536,2017-06-20,29.5
537,2017-06-21,29.57
538,2017-06-22,29.78
539,2017-06-23,29.48
540,2017-06-24,28.97
541,2017-06-25,28.95
542,2017-06-26,28.84
543,2017-06-27,28.84
544,2017-06-28,28.83
545,2017-06-29,28.3
546,2017-06-30,28.4
547,2017-01-07,29.73
548,2017-02-07,30.11
549,2017-03-07,29.76
550,2017-04-07,30.41
551,2017-05-07,30.74
552,2017-06-07,29.94
553,2017-07-07,29.34
554,2017-08-07,29.4
555,2017-09-07,29.86
556,2017-10-07,29.7
557,2017-11-07,30.76
558,2017-12-07,30.5
559,2017-07-13,30.03
560,2017-07-14,30.16
561,2017-07-15,29.5
562,2017-07-16,29.14
563,2017-07-17,28.97
564,2017-07-18,28.89
565,2017-07-19,28.78
566,2017-07-20,28.81
567,2017-07-21,28.82
568,2017-07-22,28.87
569,2017-07-23,29.04
570,2017-07-24,28.83
571,2017-07-25,28.54
572,2017-07-26,28.48
573,2017-07-27,28.4
574,2017-07-28,28.35
575,2017-07-29,30.46
576,2017-07-30,30.72
577,2017-07-31,30.61
578,2017-01-08,28.82
579,2017-02-08,28.94
580,2017-03-08,28.82
581,2017-04-08,28.49
582,2017-05-08,28.45
583,2017-06-08,28.36
584,2017-07-08,28.4
585,2017-08-08,28.93
586,2017-09-08,28.88
587,2017-10-08,29.58
588,2017-11-08,29.54
589,2017-12-08,29.9
590,2017-08-13,29.76
591,2017-08-14,29.59
592,2017-08-15,29.7
593,2017-08-16,29.56
594,2017-08-17,28.99
595,2017-08-18,28.94
596,2017-08-19,28.93
597,2017-08-20,28.72
598,2017-08-21,28.85
599,2017-08-22,29.68
600,2017-08-23,29.33
601,2017-08-24,29.13
602,2017-08-25,30.16
603,2017-08-26,30.62
604,2017-08-27,31.02
605,2017-08-28,29.88
606,2017-08-29,30.47
607,2017-08-30,30.6
608,2017-08-31,30.6
609,2017-01-09,29.9
610,2017-02-09,30.28
611,2017-03-09,30.03
612,2017-04-09,30.17
613,2017-05-09,29.87
614,2017-06-09,30.64
615,2017-07-09,30.91
616,2017-08-09,30.36
617,2017-09-09,30.07
618,2017-10-09,29.57
619,2017-11-09,30.02
620,2017-12-09,31.04
621,2017-09-13,29.91
622,2017-09-14,29.63
623,2017-09-15,29.82
624,2017-09-16,29.9
625,2017-09-17,29.77
626,2017-09-18,30.56
627,2017-09-19,30.85
628,2017-09-20,30.67
629,2017-09-21,30.4
630,2017-09-22,29.9
631,2017-09-23,30.08
632,2017-09-24,29.49
633,2017-09-25,29.43
634,2017-09-26,30.05
635,2017-09-27,30.87
636,2017-09-28,30.09
637,2017-09-29,30.58
638,2017-09-30,30.25
639,2017-01-10,30.63
640,2017-02-10,30.85
641,2017-03-10,30.69
642,2017-04-10,30.12
643,2017-05-10,29.97
644,2017-06-10,29.75
645,2017-07-10,29.65
646,2017-08-10,30.26
647,2017-09-10,29.81
648,2017-10-10,30.35
649,2017-11-10,30.75
650,2017-12-10,30.13
651,2017-10-13,30.96
652,2017-10-14,30.91
653,2017-10-15,29.8
654,2017-10-16,29.45
655,2017-10-17,29.35
656,2017-10-18,29.39
657,2017-10-19,29.58
658,2017-10-20,29.25
659,2017-10-21,29.16
660,2017-10-22,29.27
661,2017-10-23,28.94
662,2017-10-24,29.2
663,2017-10-25,29.13
664,2017-10-26,30.06
665,2017-10-27,29.34
666,2017-10-28,30.64
667,2017-10-29,35.3
668,2017-10-30,32.03
669,2017-10-31,32.03
670,2017-01-11,29.77
671,2017-02-11,29.95
672,2017-03-11,30.34
673,2017-04-11,30.31
674,2017-05-11,30.95
675,2017-06-11,32.19
676,2017-07-11,30.91
677,2017-08-11,30.81
678,2017-09-11,32.51
679,2017-10-11,31.74
680,2017-11-11,30.81
681,2017-12-11,31.64
682,2017-11-13,31.05
683,2017-11-14,31.35
684,2017-11-15,31.81
685,2017-11-16,31.65
686,2017-11-17,31.62
687,2017-11-18,31.1
688,2017-11-19,30.28
689,2017-11-20,30.39
690,2017-11-21,30.23
691,2017-11-22,30.33
692,2017-11-23,30.27
693,2017-11-24,30.22
694,2017-11-25,30.32
695,2017-11-26,30.56
696,2017-11-27,32.07
697,2017-11-28,35.55
698,2017-11-29,29.94
699,2017-11-30,30.43
700,2017-01-12,34.26
701,2017-02-12,34.35
702,2017-03-12,32.61
703,2017-04-12,32.03
704,2017-05-12,33.35
705,2017-06-12,34.14
706,2017-07-12,32.92
707,2017-08-12,32.42
708,2017-09-12,32.21
709,2017-10-12,31.37
710,2017-11-12,30.93
711,2017-12-12,30.91
712,2017-12-13,30.87
713,2017-12-14,30.65
714,2017-12-15,30.52
715,2017-12-16,30.46
716,2017-12-17,30.4
717,2017-12-18,30.3
718,2017-12-19,30.15
719,2017-12-20,30.42
720,2017-12-21,30.23
721,2017-12-22,30.3
722,2017-12-23,30.46
723,2017-12-24,30.47
724,2017-12-25,30.23
725,2017-12-26,30.0
726,2017-12-27,30.09
727,2017-12-28,29.89
728,2017-12-29,29.89
729,2017-12-30,29.89
730,2017-12-31,29.89
731,2018-01-01,33.28
732,2018-02-01,36.71
733,2018-03-01,34.98
734,2018-04-01,34.41
735,2018-05-01,32.69
736,2018-06-01,31.68
737,2018-07-01,31.65
738,2018-08-01,31.99
739,2018-09-01,31.94
740,2018-10-01,31.63
741,2018-11-01,31.35
742,2018-12-01,32.21
743,2018-01-13,33.58
744,2018-01-14,32.09
745,2018-01-15,31.11
746,2018-01-16,31.0
747,2018-01-17,30.76
748,2018-01-18,30.55
749,2018-01-19,30.4
750,2018-01-20,30.54
751,2018-01-21,30.79
752,2018-01-22,30.61
753,2018-01-23,31.2
754,2018-01-24,30.92
755,2018-01-25,30.75
756,2018-01-26,30.56
757,2018-01-27,30.07
758,2018-01-28,29.86
759,2018-01-29,30.22
760,2018-01-30,30.04
761,2018-01-31,30.21
762,2018-01-02,29.99
763,2018-02-02,30.03
764,2018-03-02,30.28
765,2018-04-02,29.73
766,2018-05-02,29.55
767,2018-06-02,29.77
768,2018-07-02,29.62
769,2018-08-02,29.59
770,2018-09-02,29.43
771,2018-10-02,29.12
772,2018-11-02,29.35
773,2018-12-02,29.35
774,2018-02-13,29.16
775,2018-02-14,29.14
776,2018-02-15,29.26
777,2018-02-16,29.12
778,2018-02-17,29.14
779,2018-02-18,29.37
780,2018-02-19,28.87
781,2018-02-20,29.4
782,2018-02-21,29.23
783,2018-02-22,29.23
784,2018-02-23,29.23
785,2018-02-24,29.23
786,2018-02-25,29.23
787,2018-02-26,29.23
788,2018-02-27,29.23
789,2018-02-28,29.23
790,2018-01-03,28.67
791,2018-02-03,28.67
792,2018-03-03,28.67
793,2018-04-03,28.67
794,2018-05-03,28.67
795,2018-06-03,28.67
796,2018-07-03,28.67
797,2018-08-03,28.67
798,2018-09-03,28.67
799,2018-10-03,28.67
800,2018-11-03,28.67
801,2018-12-03,28.67
802,2018-03-13,28.67
803,2018-03-14,28.67
804,2018-03-15,28.67
805,2018-03-16,28.72
806,2018-03-17,29.42
807,2018-03-18,29.04
808,2018-03-19,29.04
809,2018-03-20,29.04
810,2018-03-21,29.04
811,2018-03-22,29.04
812,2018-03-23,29.04
813,2018-03-24,29.04
814,2018-03-25,29.04
815,2018-03-26,29.04
816,2018-03-27,29.04
817,2018-03-28,29.04
818,2018-03-29,29.12
819,2018-03-30,29.42
820,2018-03-31,29.64
821,2018-01-04,29.39
822,2018-02-04,29.39
823,2018-03-04,29.39
824,2018-04-04,29.39
825,2018-05-04,29.39
826,2018-06-04,29.39
827,2018-07-04,29.39
828,2018-08-04,29.39
829,2018-09-04,29.39
830,2018-10-04,29.39
831,2018-11-04,29.39
832,2018-12-04,29.39
833,2018-04-13,29.39
834,2018-04-14,29.39
835,2018-04-15,29.39
836,2018-04-16,29.39
837,2018-04-17,29.39
838,2018-04-18,29.39
839,2018-04-19,29.39
840,2018-04-20,29.39
841,2018-04-21,29.39
842,2018-04-22,29.39
843,2018-04-23,29.39
844,2018-04-24,29.39
845,2018-04-25,29.39
846,2018-04-26,29.64
847,2018-04-27,29.36
848,2018-04-28,29.39
849,2018-04-29,29.51
850,2018-04-30,28.03
851,2018-01-05,29.9
852,2018-02-05,30.57
853,2018-03-05,29.7
854,2018-04-05,29.41
855,2018-05-05,29.38
856,2018-06-05,29.37
857,2018-07-05,29.36
858,2018-08-05,30.47
859,2018-09-05,30.22
860,2018-10-05,29.51
861,2018-11-05,29.45
862,2018-12-05,29.12
863,2018-05-13,29.24
864,2018-05-14,29.37
865,2018-05-15,29.66
866,2018-05-16,29.65
867,2018-05-17,30.25
868,2018-05-18,30.12
869,2018-05-19,29.8
870,2018-05-20,29.7
871,2018-05-21,29.57
872,2018-05-22,30.14
873,2018-05-23,30.01
874,2018-05-24,30.38
875,2018-05-25,30.13
876,2018-05-26,29.48
877,2018-05-27,30.21
878,2018-05-28,30.16
879,2018-05-29,30.68
880,2018-05-30,30.32
881,2018-05-31,26.27
882,2018-01-06,30.16
883,2018-02-06,30.16
884,2018-03-06,30.53
885,2018-04-06,29.81
886,2018-05-06,29.3
887,2018-06-06,29.17
888,2018-07-06,29.14
889,2018-08-06,29.24
890,2018-09-06,29.53
891,2018-10-06,29.35
892,2018-11-06,29.31
893,2018-12-06,29.39
894,2018-06-13,29.31
895,2018-06-14,29.64
896,2018-06-15,29.51
897,2018-06-16,29.32
898,2018-06-17,29.21
899,2018-06-18,29.36
900,2018-06-19,29.71
901,2018-06-20,29.47
902,2018-06-21,30.16
903,2018-06-22,30.28
904,2018-06-23,30.89
905,2018-06-24,31.68
906,2018-06-25,32.03
907,2018-06-26,32.59
908,2018-06-27,31.99
909,2018-06-28,30.68
910,2018-06-29,28.11
911,2018-06-30,28.03
912,2018-01-07,31.64
913,2018-02-07,31.38
914,2018-03-07,31.52
915,2018-04-07,32.34
916,2018-05-07,33.67
917,2018-06-07,33.68
918,2018-07-07,33.66
919,2018-08-07,32.09
920,2018-09-07,29.6
921,2018-10-07,29.49
922,2018-11-07,29.48
923,2018-12-07,29.49
924,2018-07-13,29.43
925,2018-07-14,29.36
926,2018-07-15,29.35
927,2018-07-16,29.3
928,2018-07-17,29.19
929,2018-07-18,29.12
930,2018-07-19,29.04
931,2018-07-20,28.9
932,2018-07-21,28.7
933,2018-07-22,28.71
934,2018-07-23,28.65
935,2018-07-24,28.48
936,2018-07-25,28.35
937,2018-07-26,28.31
938,2018-07-27,28.25
939,2018-07-28,28.18
940,2018-07-29,26.33
941,2018-07-30,26.34
942,2018-07-31,26.76
943,2018-01-08,27.98
944,2018-02-08,27.86
945,2018-03-08,27.85
946,2018-04-08,27.8
947,2018-05-08,27.71
948,2018-06-08,27.59
949,2018-07-08,27.56
950,2018-08-08,27.46
951,2018-09-08,27.38
952,2018-10-08,27.27
953,2018-11-08,27.29
954,2018-12-08,27.24
955,2018-08-13,27.14
956,2018-08-14,27.11
957,2018-08-15,27.07
958,2018-08-16,27.03
959,2018-08-17,27.01
960,2018-08-18,26.98
961,2018-08-19,26.85
962,2018-08-20,26.7
963,2018-08-21,26.71
964,2018-08-22,26.67
965,2018-08-23,26.6
966,2018-08-24,26.6
967,2018-08-25,26.55
968,2018-08-26,26.52
969,2018-08-27,26.47
970,2018-08-28,26.43
971,2018-08-29,25.69
972,2018-08-30,25.68
973,2018-08-31,26.02
974,2018-01-09,26.19
975,2018-02-09,26.16
976,2018-03-09,26.13
977,2018-04-09,26.09
978,2018-05-09,26.06
979,2018-06-09,26.11
980,2018-07-09,26.03
981,2018-08-09,26.02
982,2018-09-09,25.99
983,2018-10-09,25.96
984,2018-11-09,25.91
985,2018-12-09,25.91
986,2018-09-13,25.93
987,2018-09-14,25.84
988,2018-09-15,25.86
989,2018-09-16,25.91
990,2018-09-17,25.88
991,2018-09-18,25.79
992,2018-09-19,25.8
993,2018-09-20,25.73
994,2018-09-21,25.69
995,2018-09-22,25.71
996,2018-09-23,25.79
997,2018-09-24,25.79
998,2018-09-25,25.75
999,2018-09-26,25.7
1000,2018-09-27,25.69
1001,2018-09-28,25.69
1002,2018-09-29,25.27
1003,2018-09-30,25.28
1004,2018-01-10,25.68
1005,2018-02-10,25.62
1006,2018-03-10,25.54
1007,2018-04-10,25.59
1008,2018-05-10,25.5
1009,2018-06-10,25.51
1010,2018-07-10,25.44
1011,2018-08-10,25.44
1012,2018-09-10,25.42
1013,2018-10-10,25.42
1014,2018-11-10,25.37
1015,2018-12-10,25.35
1016,2018-10-13,25.41
1017,2018-10-14,25.38
1018,2018-10-15,25.39
1019,2018-10-16,25.39
1020,2018-10-17,25.38
1021,2018-10-18,25.34
1022,2018-10-19,25.32
1023,2018-10-20,25.3
1024,2018-10-21,25.37
1025,2018-10-22,25.36
1026,2018-10-23,25.38
1027,2018-10-24,25.3
1028,2018-10-25,25.27
1029,2018-10-26,25.29
1030,2018-10-27,25.29
1031,2018-10-28,25.29
1032,2018-10-29,25.08
1033,2018-10-30,25.05
1034,2018-10-31,25.05
1035,2018-01-11,25.18
1036,2018-02-11,25.2
1037,2018-03-11,25.18
1038,2018-04-11,25.21
1039,2018-05-11,25.17
1040,2018-06-11,25.13
1041,2018-07-11,25.17
1042,2018-08-11,25.25
1043,2018-09-11,25.28
1044,2018-10-11,25.27
1045,2018-11-11,25.19
1046,2018-12-11,25.18
1047,2018-11-13,25.21
1048,2018-11-14,25.19
1049,2018-11-15,25.19
1050,2018-11-16,25.2
1051,2018-11-17,25.22
1052,2018-11-18,25.16
1053,2018-11-19,25.17
1054,2018-11-20,25.14
1055,2018-11-21,25.16
1056,2018-11-22,25.15
1057,2018-11-23,25.13
1058,2018-11-24,25.13
1059,2018-11-25,25.16
1060,2018-11-26,25.17
1061,2018-11-27,25.15
1062,2018-11-28,25.16
1063,2018-11-29,26.79
1064,2018-11-30,26.81
1065,2018-01-12,25.06
1066,2018-02-12,25.07
1067,2018-03-12,25.08
1068,2018-04-12,25.1
1069,2018-05-12,25.09
1070,2018-06-12,25.06
1071,2018-07-12,25.11
1072,2018-08-12,25.13
1073,2018-09-12,25.14
1074,2018-10-12,25.12
1075,2018-11-12,25.09
1076,2018-12-12,25.05
1077,2018-12-13,25.03
1078,2018-12-14,25.02
1079,2018-12-15,25.0
1080,2018-12-16,25.61
1081,2018-12-17,26.72
1082,2018-12-18,26.76
1083,2018-12-19,26.84
1084,2018-12-20,26.84
1085,2018-12-21,26.85
1086,2018-12-22,26.84
1087,2018-12-23,26.82
1088,2018-12-24,26.85
1089,2018-12-25,26.86
1090,2018-12-26,26.82
1091,2018-12-27,26.79
1092,2018-12-28,26.78
1093,2018-12-29,26.78
1094,2018-12-30,26.78
1095,2018-12-31,26.78
1096,2019-01-01,26.72
1097,2019-02-01,26.72
1098,2019-03-01,26.71
1099,2019-04-01,26.76
1100,2019-05-01,26.83
1101,2019-06-01,26.79
1102,2019-07-01,26.76
1103,2019-08-01,26.79
1104,2019-09-01,26.78
1105,2019-10-01,26.76
1106,2019-11-01,26.8
1107,2019-12-01,26.74
1108,2019-01-13,26.72
1109,2019-01-14,26.79
1110,2019-01-15,26.79
1111,2019-01-16,26.72
1112,2019-01-17,26.71
1113,2019-01-18,26.73
1114,2019-01-19,26.74
1115,2019-01-20,26.79
1116,2019-01-21,26.77
1117,2019-01-22,26.75
1118,2019-01-23,26.74
1119,2019-01-24,26.74
1120,2019-01-25,26.73
1121,2019-01-26,26.7
1122,2019-01-27,26.73
1123,2019-01-28,26.73
1124,2019-01-29,26.77
1125,2019-01-30,26.78
1126,2019-01-31,26.76
1127,2019-01-02,26.81
1128,2019-02-02,26.79
1129,2019-03-02,26.75
1130,2019-04-02,26.78
1131,2019-05-02,26.81
1132,2019-06-02,26.77
1133,2019-07-02,26.76
1134,2019-08-02,26.79
1135,2019-09-02,26.82
1136,2019-10-02,26.81
1137,2019-11-02,26.71
1138,2019-12-02,26.71
1139,2019-02-13,26.69
1140,2019-02-14,26.72
1141,2019-02-15,26.76
1142,2019-02-16,26.75
1143,2019-02-17,26.77
1144,2019-02-18,26.82
1145,2019-02-19,26.81
1146,2019-02-20,26.78
1147,2019-02-21,26.81
1148,2019-02-22,26.84
1149,2019-02-23,26.81
1150,2019-02-24,26.77
1151,2019-02-25,26.81
1152,2019-02-26,26.8
1153,2019-02-27,26.79
1154,2019-02-28,26.8
1155,2019-01-03,26.78
1156,2019-02-03,26.78
1157,2019-03-03,26.75
1158,2019-04-03,26.75
1159,2019-05-03,26.73
1160,2019-06-03,26.77
1161,2019-07-03,26.79
1162,2019-08-03,26.78
1163,2019-09-03,26.79
1164,2019-10-03,26.8
1165,2019-11-03,26.83
1166,2019-12-03,26.83
1167,2019-03-13,26.79
1168,2019-03-14,26.74
1169,2019-03-15,26.73
1170,2019-03-16,26.7
1171,2019-03-17,26.72
1172,2019-03-18,26.75
1173,2019-03-19,26.76
1174,2019-03-20,26.78
1175,2019-03-21,26.8
1176,2019-03-22,26.8
1177,2019-03-23,26.8
1178,2019-03-24,26.8
1179,2019-03-25,26.79
1180,2019-03-26,26.74
1181,2019-03-27,26.68
1182,2019-03-28,26.75
1183,2019-03-29,26.78
1184,2019-03-30,26.74
1185,2019-03-31,26.73
1186,2019-01-04,26.77
1187,2019-02-04,26.69
1188,2019-03-04,26.75
1189,2019-04-04,26.78
1190,2019-05-04,26.75
1191,2019-06-04,26.77
1192,2019-07-04,26.77
1193,2019-08-04,26.79
1194,2019-09-04,26.77
1195,2019-10-04,26.77
1196,2019-11-04,26.81
1197,2019-12-04,26.8
1198,2019-04-13,26.8
1199,2019-04-14,26.78
1200,2019-04-15,26.81
1201,2019-04-16,26.87
1202,2019-04-17,26.84
1203,2019-04-18,26.84
1204,2019-04-19,26.81
1205,2019-04-20,26.83
1206,2019-04-21,26.84
1207,2019-04-22,26.82
1208,2019-04-23,26.81
1209,2019-04-24,26.78
1210,2019-04-25,26.82
1211,2019-04-26,26.78
1212,2019-04-27,26.74
1213,2019-04-28,26.7
1214,2019-04-29,26.76
1215,2019-04-30,26.75
1216,2019-01-05,26.76
1217,2019-02-05,26.77
1218,2019-03-05,26.78
1219,2019-04-05,26.79
1220,2019-05-05,26.77
1221,2019-06-05,26.78
1222,2019-07-05,26.81
1223,2019-08-05,26.8
1224,2019-09-05,26.75
1225,2019-10-05,26.73
1226,2019-11-05,26.74
1227,2019-12-05,26.74
1228,2019-05-13,26.78
1229,2019-05-14,26.75
1230,2019-05-15,26.75
1231,2019-05-16,26.72
1232,2019-05-17,26.71
1233,2019-05-18,26.75
1234,2019-05-19,26.7
1235,2019-05-20,26.73
1236,2019-05-21,26.73
1237,2019-05-22,26.72
1238,2019-05-23,26.69
1239,2019-05-24,26.74
1240,2019-05-25,26.74
1241,2019-05-26,26.73
1242,2019-05-27,26.71
1243,2019-05-28,26.78
1244,2019-05-29,26.74
1245,2019-05-30,26.69
1246,2019-05-31,26.68
1247,2019-01-06,26.73
1248,2019-02-06,26.68
1249,2019-03-06,26.71
1250,2019-04-06,26.7
1251,2019-05-06,26.69
1252,2019-06-06,26.6
1253,2019-07-06,26.6
1254,2019-08-06,26.62
1255,2019-09-06,26.64
1256,2019-10-06,26.67
1257,2019-11-06,26.69
1258,2019-12-06,26.72
1259,2019-06-13,26.73
1260,2019-06-14,26.76
1261,2019-06-15,26.69
1262,2019-06-16,26.71
1263,2019-06-17,26.65
1264,2019-06-18,26.61
1265,2019-06-19,26.66
1266,2019-06-20,26.75
1267,2019-06-21,26.72
1268,2019-06-22,26.73
1269,2019-06-23,26.7
1270,2019-06-24,26.73
1271,2019-06-25,26.76
1272,2019-06-26,26.62
1273,2019-06-27,26.68
1274,2019-06-28,26.76
1275,2019-06-29,26.73
1276,2019-06-30,26.73
1277,2019-01-07,26.76
1278,2019-02-07,26.78
1279,2019-03-07,26.73
1280,2019-04-07,26.7
1281,2019-05-07,26.73
1282,2019-06-07,26.68
1283,2019-07-07,26.64
1284,2019-08-07,26.7
1285,2019-09-07,26.71
1286,2019-10-07,26.72
1287,2019-11-07,26.71
1288,2019-12-07,26.65
1289,2019-07-13,26.63
1290,2019-07-14,26.65
1291,2019-07-15,26.68
1292,2019-07-16,26.73
1293,2019-07-17,26.71
1294,2019-07-18,26.72
1295,2019-07-19,26.75
1296,2019-07-20,26.77
1297,2019-07-21,26.77
1298,2019-07-22,26.74
1299,2019-07-23,26.73
1300,2019-07-24,26.67
1301,2019-07-25,26.61
1302,2019-07-26,26.71
1303,2019-07-27,26.66
1304,2019-07-28,26.67
1305,2019-07-29,26.74
1306,2019-07-30,26.71
1307,2019-07-31,27.86
1308,2019-01-08,26.71
1309,2019-02-08,26.74
1310,2019-03-08,26.7
1311,2019-04-08,26.75
1312,2019-05-08,26.76
1313,2019-06-08,26.75
1314,2019-07-08,26.71
1315,2019-08-08,26.74
1316,2019-09-08,26.72
1317,2019-10-08,26.71
1318,2019-11-08,26.78
1319,2019-12-08,26.76
1320,2019-08-13,26.78
1321,2019-08-14,26.74
1322,2019-08-15,26.69
1323,2019-08-16,26.7
1324,2019-08-17,26.73
1325,2019-08-18,26.68
1326,2019-08-19,26.73
1327,2019-08-20,26.8
1328,2019-08-21,26.71
1329,2019-08-22,26.71
1330,2019-08-23,26.73
1331,2019-08-24,26.68
1332,2019-08-25,26.66
1333,2019-08-26,26.69
1334,2019-08-27,26.72
1335,2019-08-28,26.71
1336,2019-08-29,26.74
1337,2019-08-30,26.74
1338,2019-08-31,26.74
1339,2019-01-09,26.74
1340,2019-02-09,26.76
1341,2019-03-09,26.73
1342,2019-04-09,26.68
1343,2019-05-09,26.7
1344,2019-06-09,26.8
1345,2019-07-09,26.8
1346,2019-08-09,26.73
1347,2019-09-09,26.69
1348,2019-10-09,26.71
1349,2019-11-09,26.71
1350,2019-12-09,26.73
1351,2019-09-13,26.72
1352,2019-09-14,26.69
1353,2019-09-15,26.68
1354,2019-09-16,26.74
1355,2019-09-17,26.72
1356,2019-09-18,26.72
1357,2019-09-19,26.75
1358,2019-09-20,26.72
1359,2019-09-21,26.76
1360,2019-09-22,26.77
1361,2019-09-23,26.75
1362,2019-09-24,26.73
1363,2019-09-25,26.72
1364,2019-09-26,26.72
1365,2019-09-27,26.69
1366,2019-09-28,26.7
1367,2019-09-29,32.4
1368,2019-09-30,32.37
1369,2019-01-10,26.74
1370,2019-02-10,26.68
1371,2019-03-10,26.69
1372,2019-04-10,26.69
1373,2019-05-10,26.74
1374,2019-06-10,26.72
1375,2019-07-10,26.7
1376,2019-08-10,26.74
1377,2019-09-10,26.78
1378,2019-10-10,27.38
1379,2019-11-10,28.19
1380,2019-12-10,27.61
1381,2019-10-13,27.78
1382,2019-10-14,29.9
1383,2019-10-15,29.74
1384,2019-10-16,29.65
1385,2019-10-17,29.81
1386,2019-10-18,30.22
1387,2019-10-19,31.32
1388,2019-10-20,31.67
1389,2019-10-21,31.07
1390,2019-10-22,31.25
1391,2019-10-23,31.24
1392,2019-10-24,31.79
1393,2019-10-25,32.03
1394,2019-10-26,32.29
1395,2019-10-27,32.19
1396,2019-10-28,32.27
1397,2019-10-29,29.0
1398,2019-10-30,30.43
1399,2019-10-31,30.43
1400,2019-01-11,32.78
1401,2019-02-11,33.19
1402,2019-03-11,33.38
1403,2019-04-11,32.48
1404,2019-05-11,30.37
1405,2019-06-11,26.82
1406,2019-07-11,27.78
1407,2019-08-11,27.85
1408,2019-09-11,27.35
1409,2019-10-11,26.78
1410,2019-11-11,26.57
1411,2019-12-11,26.55
1412,2019-11-13,26.88
1413,2019-11-14,26.92
1414,2019-11-15,27.22
1415,2019-11-16,27.39
1416,2019-11-17,26.95
1417,2019-11-18,27.25
1418,2019-11-19,27.4
1419,2019-11-20,28.03
1420,2019-11-21,27.96
1421,2019-11-22,27.87
1422,2019-11-23,28.49
1423,2019-11-24,28.04
1424,2019-11-25,27.9
1425,2019-11-26,28.01
1426,2019-11-27,28.06
1427,2019-11-28,27.95
1428,2019-11-29,28.11
1429,2019-11-30,27.94
1430,2019-01-12,31.35
1431,2019-02-12,34.2
1432,2019-03-12,32.61
1433,2019-04-12,30.17
1434,2019-05-12,28.86
1435,2019-06-12,28.67
1436,2019-07-12,28.56
1437,2019-08-12,28.64
1438,2019-09-12,29.25
1439,2019-10-12,29.18
1440,2019-11-12,28.83
1441,2019-12-12,28.57
1442,2019-12-13,28.52
1443,2019-12-14,28.81
1444,2019-12-15,29.48
1445,2019-12-16,30.65
1446,2019-12-17,31.33
1447,2019-12-18,32.38
1448,2019-12-19,33.39
1449,2019-12-20,30.36
1450,2019-12-21,30.03
1451,2019-12-22,29.44
1452,2019-12-23,28.9
1453,2019-12-24,28.75
1454,2019-12-25,28.67
1455,2019-12-26,28.5
1456,2019-12-27,28.26
1457,2019-12-28,28.16
1458,2019-12-29,28.16
1459,2019-12-30,28.16
1460,2019-12-31,28.16
1461,2020-01-01,27.83
1462,2020-02-01,27.84
1463,2020-03-01,27.8
1464,2020-04-01,27.95
1465,2020-05-01,27.95
1466,2020-06-01,27.88
1467,2020-07-01,27.91
1468,2020-08-01,27.89
1469,2020-09-01,28.22
1470,2020-10-01,28.21
1471,2020-11-01,28.19
1472,2020-12-01,28.24
1473,2020-01-13,28.17
1474,2020-01-14,28.2
1475,2020-01-15,27.91
1476,2020-01-16,27.85
1477,2020-01-17,27.43
1478,2020-01-18,27.88
1479,2020-01-19,28.13
1480,2020-01-20,28.36
1481,2020-01-21,27.96
1482,2020-01-22,27.7
1483,2020-01-23,27.69
1484,2020-01-24,28.1
1485,2020-01-25,27.75
1486,2020-01-26,27.05
1487,2020-01-27,26.85
1488,2020-01-28,26.78
1489,2020-01-29,27.64
1490,2020-01-30,28.57
1491,2020-01-31,28.51
1492,2020-01-02,28.47
1493,2020-02-02,28.64
1494,2020-03-02,29.07
1495,2020-04-02,28.79
1496,2020-05-02,28.29
1497,2020-06-02,28.03
1498,2020-07-02,27.97
1499,2020-08-02,28.09
1500,2020-09-02,27.86
1501,2020-10-02,29.32
1502,2020-11-02,31.72
1503,2020-12-02,31.18
1504,2020-02-13,30.69
1505,2020-02-14,30.78
1506,2020-02-15,31.04
1507,2020-02-16,31.69
1508,2020-02-17,32.25
1509,2020-02-18,33.16
1510,2020-02-19,33.39
1511,2020-02-20,32.9
1512,2020-02-21,32.85
1513,2020-02-22,33.66
1514,2020-02-23,34.42
1515,2020-02-24,35.06
1516,2020-02-25,33.79
1517,2020-02-26,34.13
1518,2020-02-27,34.43
1519,2020-02-28,34.84
1520,2020-02-29,34.24
1521,2020-01-03,34.51
1522,2020-02-03,34.76
1523,2020-03-03,33.73
1524,2020-04-03,33.87
1525,2020-05-03,33.3
1526,2020-06-03,33.25
1527,2020-07-03,35.67
1528,2020-08-03,36.46
1529,2020-09-03,36.18
1530,2020-10-03,36.8
1531,2020-11-03,36.06
1532,2020-12-03,35.64
1533,2020-03-13,34.56
1534,2020-03-14,34.99
1535,2020-03-15,34.44
1536,2020-03-16,34.06
1537,2020-03-17,34.52
1538,2020-03-18,34.63
1539,2020-03-19,34.33
1540,2020-03-20,34.65
1541,2020-03-21,34.51
1542,2020-03-22,34.21
1543,2020-03-23,33.94
1544,2020-03-24,34.74
1545,2020-03-25,34.96
1546,2020-03-26,36.22
1547,2020-03-27,36.21
1548,2020-03-28,35.32
1549,2020-03-29,34.6
1550,2020-03-30,34.69
1551,2020-03-31,41.09
1552,2020-01-04,34.91
1553,2020-02-04,34.94
1554,2020-03-04,35.55
1555,2020-04-04,35.73
1556,2020-05-04,35.23
1557,2020-06-04,34.61
1558,2020-07-04,35.0
1559,2020-08-04,34.38
1560,2020-09-04,34.6
1561,2020-10-04,34.11
1562,2020-11-04,34.12
1563,2020-12-04,34.51
1564,2020-04-13,35.44
1565,2020-04-14,35.35
1566,2020-04-15,35.83
1567,2020-04-16,36.07
1568,2020-04-17,35.9
1569,2020-04-18,36.63
1570,2020-04-19,37.14
1571,2020-04-20,36.52
1572,2020-04-21,37.31
1573,2020-04-22,40.4
1574,2020-04-23,39.87
1575,2020-04-24,40.23
1576,2020-04-25,40.37
1577,2020-04-26,40.53
1578,2020-04-27,40.32
1579,2020-04-28,41.33
1580,2020-04-29,41.03
1581,2020-04-30,45.08
1582,2020-01-05,41.02
1583,2020-02-05,42.69
1584,2020-03-05,43.39
1585,2020-04-05,43.1
1586,2020-05-05,42.08
1587,2020-06-05,42.92
1588,2020-07-05,42.2
1589,2020-08-05,42.89
1590,2020-09-05,42.71
1591,2020-10-05,42.24
1592,2020-11-05,42.64
1593,2020-12-05,42.88
1594,2020-05-13,44.3
1595,2020-05-14,44.49
1596,2020-05-15,42.89
1597,2020-05-16,43.1
1598,2020-05-17,44.43
1599,2020-05-18,45.23
1600,2020-05-19,43.93
1601,2020-05-20,44.61
1602,2020-05-21,44.78
1603,2020-05-22,44.83
1604,2020-05-23,44.75
1605,2020-05-24,44.43
1606,2020-05-25,43.43
1607,2020-05-26,43.49
1608,2020-05-27,44.07
1609,2020-05-28,43.23
1610,2020-05-29,44.43
1611,2020-05-30,44.43
1612,2020-05-31,44.43
1613,2020-01-06,44.73
1614,2020-02-06,45.41
1615,2020-03-06,43.97
1616,2020-04-06,43.97
1617,2020-05-06,43.97
1618,2020-06-06,43.97
1619,2020-07-06,43.97
1620,2020-08-06,43.97
1621,2020-09-06,43.97
1622,2020-10-06,43.97
1623,2020-11-06,43.97
1624,2020-12-06,43.97
1625,2020-06-13,43.97
1626,2020-06-14,43.97
1627,2020-06-15,43.97
1628,2020-06-16,43.97
1629,2020-06-17,43.97
1630,2020-06-18,43.97
1631,2020-06-19,43.97
1632,2020-06-20,43.97
1633,2020-06-21,43.97
1634,2020-06-22,43.97
1635,2020-06-23,43.97
1636,2020-06-24,43.97
1637,2020-06-25,43.97
1638,2020-06-26,43.97
1639,2020-06-27,43.97
1640,2020-06-28,43.97
1641,2020-06-29,43.97
1642,2020-06-30,43.97
