,Date,Sg. Golok (m)
0,2016-01-01,5.45
1,2016-02-01,5.51
2,2016-03-01,5.23
3,2016-04-01,5.03
4,2016-05-01,4.9
5,2016-06-01,4.77
6,2016-07-01,4.66
7,2016-08-01,4.58
8,2016-09-01,4.5
9,2016-10-01,4.44
10,2016-11-01,4.39
11,2016-12-01,4.34
12,2016-01-13,4.29
13,2016-01-14,4.25
14,2016-01-15,4.37
15,2016-01-16,4.35
16,2016-01-17,5.23
17,2016-01-18,5.27
18,2016-01-19,4.79
19,2016-01-20,4.54
20,2016-01-21,4.38
21,2016-01-22,4.39
22,2016-01-23,4.87
23,2016-01-24,4.58
24,2016-01-25,4.39
25,2016-01-26,4.51
26,2016-01-27,6.05
27,2016-01-28,7.89
28,2016-01-29,8.99
29,2016-01-30,8.56
30,2016-01-31,7.3
31,2016-01-02,6.34
32,2016-02-02,5.85
33,2016-03-02,5.62
34,2016-04-02,5.7
35,2016-05-02,6.07
36,2016-06-02,6.55
37,2016-07-02,6.57
38,2016-08-02,6.34
39,2016-09-02,5.96
40,2016-10-02,5.64
41,2016-11-02,5.45
42,2016-12-02,5.27
43,2016-02-13,5.14
44,2016-02-14,5.51
45,2016-02-15,5.23
46,2016-02-16,5.11
47,2016-02-17,5.1
48,2016-02-18,5.0
49,2016-02-19,5.11
50,2016-02-20,5.36
51,2016-02-21,5.09
52,2016-02-22,4.92
53,2016-02-23,4.83
54,2016-02-24,4.76
55,2016-02-25,4.7
56,2016-02-26,4.65
57,2016-02-27,4.63
58,2016-02-28,4.94
59,2016-02-29,5.08
60,2016-01-03,4.88
61,2016-02-03,4.72
62,2016-03-03,4.62
63,2016-04-03,4.56
64,2016-05-03,4.51
65,2016-06-03,4.49
66,2016-07-03,4.45
67,2016-08-03,4.42
68,2016-09-03,4.39
69,2016-10-03,4.36
70,2016-11-03,4.34
71,2016-12-03,4.32
72,2016-03-13,4.3
73,2016-03-14,4.27
74,2016-03-15,4.25
75,2016-03-16,4.23
76,2016-03-17,4.2
77,2016-03-18,4.18
78,2016-03-19,4.17
79,2016-03-20,4.15
80,2016-03-21,4.14
81,2016-03-22,4.12
82,2016-03-23,4.1
83,2016-03-24,4.09
84,2016-03-25,4.07
85,2016-03-26,4.13
86,2016-03-27,4.11
87,2016-03-28,4.13
88,2016-03-29,4.16
89,2016-03-30,3.86
90,2016-03-31,4.02
91,2016-01-04,4.05
92,2016-02-04,4.03
93,2016-03-04,4.0
94,2016-04-04,3.98
95,2016-05-04,3.97
96,2016-06-04,3.96
97,2016-07-04,3.99
98,2016-08-04,3.98
99,2016-09-04,3.97
100,2016-10-04,3.95
101,2016-11-04,3.94
102,2016-12-04,3.93
103,2016-04-13,3.95
104,2016-04-14,3.97
105,2016-04-15,3.95
106,2016-04-16,3.93
107,2016-04-17,3.94
108,2016-04-18,3.94
109,2016-04-19,3.97
110,2016-04-20,3.96
111,2016-04-21,3.95
112,2016-04-22,3.94
113,2016-04-23,3.93
114,2016-04-24,3.92
115,2016-04-25,3.91
116,2016-04-26,3.89
117,2016-04-27,3.88
118,2016-04-28,3.87
119,2016-04-29,3.86
120,2016-04-30,4.01
121,2016-01-05,3.85
122,2016-02-05,3.84
123,2016-03-05,3.84
124,2016-04-05,3.83
125,2016-05-05,3.83
126,2016-06-05,3.83
127,2016-07-05,3.83
128,2016-08-05,3.85
129,2016-09-05,3.87
130,2016-10-05,3.87
131,2016-11-05,3.84
132,2016-12-05,3.83
133,2016-05-13,3.82
134,2016-05-14,3.81
135,2016-05-15,3.81
136,2016-05-16,3.81
137,2016-05-17,3.81
138,2016-05-18,3.81
139,2016-05-19,3.81
140,2016-05-20,4.15
141,2016-05-21,4.17
142,2016-05-22,4.26
143,2016-05-23,4.14
144,2016-05-24,4.09
145,2016-05-25,4.05
146,2016-05-26,4.06
147,2016-05-27,4.02
148,2016-05-28,3.97
149,2016-05-29,4.0
150,2016-05-30,4.96
151,2016-05-31,5.37
152,2016-01-06,4.23
153,2016-02-06,4.23
154,2016-03-06,4.29
155,2016-04-06,4.48
156,2016-05-06,4.28
157,2016-06-06,4.19
158,2016-07-06,4.14
159,2016-08-06,4.31
160,2016-09-06,4.52
161,2016-10-06,4.54
162,2016-11-06,4.42
163,2016-12-06,4.66
164,2016-06-13,5.25
165,2016-06-14,5.53
166,2016-06-15,5.3
167,2016-06-16,5.49
168,2016-06-17,6.74
169,2016-06-18,6.6
170,2016-06-19,6.58
171,2016-06-20,6.54
172,2016-06-21,5.88
173,2016-06-22,5.45
174,2016-06-23,5.2
175,2016-06-24,5.37
176,2016-06-25,5.39
177,2016-06-26,5.17
178,2016-06-27,5.49
179,2016-06-28,5.47
180,2016-06-29,5.19
181,2016-06-30,6.37
182,2016-01-07,4.84
183,2016-02-07,4.76
184,2016-03-07,4.8
185,2016-04-07,4.81
186,2016-05-07,4.72
187,2016-06-07,4.84
188,2016-07-07,5.87
189,2016-08-07,5.76
190,2016-09-07,5.24
191,2016-10-07,5.0
192,2016-11-07,4.84
193,2016-12-07,4.74
194,2016-07-13,4.82
195,2016-07-14,5.01
196,2016-07-15,5.16
197,2016-07-16,5.07
198,2016-07-17,4.99
199,2016-07-18,4.91
200,2016-07-19,5.46
201,2016-07-20,5.79
202,2016-07-21,5.73
203,2016-07-22,5.57
204,2016-07-23,5.28
205,2016-07-24,5.11
206,2016-07-25,5.1
207,2016-07-26,5.21
208,2016-07-27,5.79
209,2016-07-28,6.27
210,2016-07-29,6.68
211,2016-07-30,5.69
212,2016-07-31,6.98
213,2016-01-08,5.53
214,2016-02-08,5.29
215,2016-03-08,5.11
216,2016-04-08,4.94
217,2016-05-08,4.85
218,2016-06-08,4.78
219,2016-07-08,4.77
220,2016-08-08,4.89
221,2016-09-08,5.01
222,2016-10-08,5.13
223,2016-11-08,5.44
224,2016-12-08,5.38
225,2016-08-13,5.36
226,2016-08-14,5.24
227,2016-08-15,5.02
228,2016-08-16,4.87
229,2016-08-17,4.76
230,2016-08-18,4.66
231,2016-08-19,4.59
232,2016-08-20,4.56
233,2016-08-21,4.63
234,2016-08-22,4.69
235,2016-08-23,4.72
236,2016-08-24,4.62
237,2016-08-25,4.72
238,2016-08-26,4.83
239,2016-08-27,4.8
240,2016-08-28,5.41
241,2016-08-29,5.92
242,2016-08-30,4.49
243,2016-08-31,4.49
244,2016-01-09,5.28
245,2016-02-09,5.26
246,2016-03-09,5.24
247,2016-04-09,5.75
248,2016-05-09,6.36
249,2016-06-09,6.2
250,2016-07-09,5.73
251,2016-08-09,5.6
252,2016-09-09,5.6
253,2016-10-09,5.82
254,2016-11-09,5.8
255,2016-12-09,5.48
256,2016-09-13,5.27
257,2016-09-14,5.19
258,2016-09-15,5.11
259,2016-09-16,5.21
260,2016-09-17,5.22
261,2016-09-18,5.03
262,2016-09-19,4.9
263,2016-09-20,4.77
264,2016-09-21,4.73
265,2016-09-22,5.23
266,2016-09-23,5.31
267,2016-09-24,5.01
268,2016-09-25,4.84
269,2016-09-26,4.74
270,2016-09-27,4.66
271,2016-09-28,4.58
272,2016-09-29,4.53
273,2016-09-30,5.98
274,2016-01-10,4.44
275,2016-02-10,4.43
276,2016-03-10,4.56
277,2016-04-10,4.72
278,2016-05-10,4.78
279,2016-06-10,4.84
280,2016-07-10,4.9
281,2016-08-10,4.96
282,2016-09-10,5.02
283,2016-10-10,5.0
284,2016-11-10,4.87
285,2016-12-10,4.77
286,2016-10-13,4.68
287,2016-10-14,4.67
288,2016-10-15,4.62
289,2016-10-16,4.54
290,2016-10-17,4.45
291,2016-10-18,4.41
292,2016-10-19,4.46
293,2016-10-20,4.65
294,2016-10-21,5.03
295,2016-10-22,5.41
296,2016-10-23,5.55
297,2016-10-24,5.3
298,2016-10-25,5.02
299,2016-10-26,4.87
300,2016-10-27,5.16
301,2016-10-28,5.39
302,2016-10-29,5.33
303,2016-10-30,5.85
304,2016-10-31,5.85
305,2016-01-11,6.05
306,2016-02-11,5.8
307,2016-03-11,5.6
308,2016-04-11,5.54
309,2016-05-11,5.59
310,2016-06-11,5.55
311,2016-07-11,5.49
312,2016-08-11,5.34
313,2016-09-11,5.66
314,2016-10-11,5.91
315,2016-11-11,5.87
316,2016-12-11,5.82
317,2016-11-13,6.11
318,2016-11-14,5.87
319,2016-11-15,5.58
320,2016-11-16,5.91
321,2016-11-17,6.12
322,2016-11-18,5.88
323,2016-11-19,5.75
324,2016-11-20,5.57
325,2016-11-21,6.04
326,2016-11-22,5.94
327,2016-11-23,5.52
328,2016-11-24,5.33
329,2016-11-25,5.26
330,2016-11-26,5.29
331,2016-11-27,5.51
332,2016-11-28,5.45
333,2016-11-29,5.52
334,2016-11-30,6.27
335,2016-01-12,5.98
336,2016-02-12,7.38
337,2016-03-12,8.49
338,2016-04-12,7.98
339,2016-05-12,7.21
340,2016-06-12,6.7
341,2016-07-12,6.67
342,2016-08-12,6.51
343,2016-09-12,6.21
344,2016-10-12,6.29
345,2016-11-12,6.15
346,2016-12-12,5.72
347,2016-12-13,5.34
348,2016-12-14,5.13
349,2016-12-15,4.97
350,2016-12-16,4.74
351,2016-12-17,4.6
352,2016-12-18,5.22
353,2016-12-19,5.82
354,2016-12-20,6.98
355,2016-12-21,8.86
356,2016-12-22,8.99
357,2016-12-23,8.38
358,2016-12-24,8.23
359,2016-12-25,8.67
360,2016-12-26,8.68
361,2016-12-27,8.21
362,2016-12-28,7.45
363,2016-12-29,6.73
364,2016-12-30,6.73
365,2016-12-31,6.73
366,2017-01-01,9.02
367,2017-02-01,10.14
368,2017-03-01,10.33
369,2017-04-01,10.35
370,2017-05-01,10.13
371,2017-06-01,9.83
372,2017-07-01,9.37
373,2017-08-01,8.76
374,2017-09-01,8.04
375,2017-10-01,7.2
376,2017-11-01,6.55
377,2017-12-01,6.11
378,2017-01-13,5.8
379,2017-01-14,5.55
380,2017-01-15,5.32
381,2017-01-16,5.15
382,2017-01-17,5.13
383,2017-01-18,5.34
384,2017-01-19,6.3
385,2017-01-20,8.37
386,2017-01-21,9.99
387,2017-01-22,10.1
388,2017-01-23,9.89
389,2017-01-24,9.59
390,2017-01-25,9.24
391,2017-01-26,9.19
392,2017-01-27,9.41
393,2017-01-28,9.49
394,2017-01-29,9.3
395,2017-01-30,8.62
396,2017-01-31,7.71
397,2017-01-02,6.76
398,2017-02-02,6.21
399,2017-03-02,5.93
400,2017-04-02,5.72
401,2017-05-02,5.67
402,2017-06-02,5.63
403,2017-07-02,5.39
404,2017-08-02,5.2
405,2017-09-02,5.03
406,2017-10-02,4.88
407,2017-11-02,4.8
408,2017-12-02,4.83
409,2017-02-13,4.72
410,2017-02-14,4.68
411,2017-02-15,4.66
412,2017-02-16,4.67
413,2017-02-17,4.65
414,2017-02-18,4.6
415,2017-02-19,5.52
416,2017-02-20,5.54
417,2017-02-21,5.02
418,2017-02-22,4.74
419,2017-02-23,4.58
420,2017-02-24,4.67
421,2017-02-25,4.56
422,2017-02-26,4.53
423,2017-02-27,5.51
424,2017-02-28,6.19
425,2017-01-03,5.68
426,2017-02-03,5.55
427,2017-03-03,5.48
428,2017-04-03,5.18
429,2017-05-03,4.93
430,2017-06-03,4.74
431,2017-07-03,4.61
432,2017-08-03,4.49
433,2017-09-03,4.39
434,2017-10-03,4.31
435,2017-11-03,4.24
436,2017-12-03,4.17
437,2017-03-13,4.11
438,2017-03-14,4.06
439,2017-03-15,4.02
440,2017-03-16,4.03
441,2017-03-17,3.97
442,2017-03-18,3.93
443,2017-03-19,3.9
444,2017-03-20,3.92
445,2017-03-21,4.31
446,2017-03-22,4.36
447,2017-03-23,4.05
448,2017-03-24,3.84
449,2017-03-25,3.72
450,2017-03-26,3.66
451,2017-03-27,3.69
452,2017-03-28,3.74
453,2017-03-29,3.71
454,2017-03-30,3.68
455,2017-03-31,5.36
456,2017-01-04,4.15
457,2017-02-04,4.92
458,2017-03-04,6.13
459,2017-04-04,6.56
460,2017-05-04,5.74
461,2017-06-04,5.28
462,2017-07-04,5.02
463,2017-08-04,5.1
464,2017-09-04,5.07
465,2017-10-04,4.82
466,2017-11-04,5.09
467,2017-12-04,4.9
468,2017-04-13,4.6
469,2017-04-14,4.6
470,2017-04-15,4.36
471,2017-04-16,4.19
472,2017-04-17,4.06
473,2017-04-18,3.96
474,2017-04-19,4.21
475,2017-04-20,4.32
476,2017-04-21,4.16
477,2017-04-22,3.94
478,2017-04-23,4.0
479,2017-04-24,4.0
480,2017-04-25,4.05
481,2017-04-26,4.03
482,2017-04-27,3.84
483,2017-04-28,3.76
484,2017-04-29,5.04
485,2017-04-30,4.97
486,2017-01-05,3.65
487,2017-02-05,3.58
488,2017-03-05,3.54
489,2017-04-05,3.5
490,2017-05-05,3.48
491,2017-06-05,3.63
492,2017-07-05,3.6
493,2017-08-05,3.58
494,2017-09-05,3.52
495,2017-10-05,3.57
496,2017-11-05,3.55
497,2017-12-05,3.62
498,2017-05-13,4.02
499,2017-05-14,3.9
500,2017-05-15,4.74
501,2017-05-16,4.83
502,2017-05-17,4.32
503,2017-05-18,4.9
504,2017-05-19,6.29
505,2017-05-20,6.41
506,2017-05-21,6.25
507,2017-05-22,6.11
508,2017-05-23,6.06
509,2017-05-24,6.43
510,2017-05-25,7.02
511,2017-05-26,6.31
512,2017-05-27,5.74
513,2017-05-28,5.35
514,2017-05-29,4.4
515,2017-05-30,4.45
516,2017-05-31,5.45
517,2017-01-06,5.43
518,2017-02-06,4.85
519,2017-03-06,5.23
520,2017-04-06,5.27
521,2017-05-06,5.08
522,2017-06-06,5.18
523,2017-07-06,5.2
524,2017-08-06,4.97
525,2017-09-06,4.67
526,2017-10-06,4.52
527,2017-11-06,4.5
528,2017-12-06,5.0
529,2017-06-13,4.8
530,2017-06-14,4.95
531,2017-06-15,5.01
532,2017-06-16,4.58
533,2017-06-17,4.33
534,2017-06-18,4.17
535,2017-06-19,4.03
536,2017-06-20,4.12
537,2017-06-21,4.16
538,2017-06-22,4.6
539,2017-06-23,4.53
540,2017-06-24,4.24
541,2017-06-25,4.49
542,2017-06-26,4.42
543,2017-06-27,4.24
544,2017-06-28,4.26
545,2017-06-29,5.24
546,2017-06-30,5.0
547,2017-01-07,4.38
548,2017-02-07,5.11
549,2017-03-07,5.99
550,2017-04-07,6.43
551,2017-05-07,6.76
552,2017-06-07,6.91
553,2017-07-07,6.21
554,2017-08-07,6.03
555,2017-09-07,6.09
556,2017-10-07,5.59
557,2017-11-07,5.24
558,2017-12-07,5.23
559,2017-07-13,6.01
560,2017-07-14,6.88
561,2017-07-15,6.74
562,2017-07-16,5.84
563,2017-07-17,5.31
564,2017-07-18,4.96
565,2017-07-19,4.72
566,2017-07-20,4.48
567,2017-07-21,4.34
568,2017-07-22,4.16
569,2017-07-23,4.1
570,2017-07-24,4.32
571,2017-07-25,4.69
572,2017-07-26,4.85
573,2017-07-27,5.87
574,2017-07-28,5.76
575,2017-07-29,5.49
576,2017-07-30,5.47
577,2017-07-31,7.97
578,2017-01-08,4.74
579,2017-02-08,4.82
580,2017-03-08,5.01
581,2017-04-08,5.16
582,2017-05-08,5.07
583,2017-06-08,4.99
584,2017-07-08,4.91
585,2017-08-08,5.46
586,2017-09-08,5.79
587,2017-10-08,5.73
588,2017-11-08,5.57
589,2017-12-08,5.28
590,2017-08-13,5.4
591,2017-08-14,5.39
592,2017-08-15,5.3
593,2017-08-16,5.03
594,2017-08-17,4.78
595,2017-08-18,4.56
596,2017-08-19,4.36
597,2017-08-20,4.18
598,2017-08-21,4.07
599,2017-08-22,4.57
600,2017-08-23,4.74
601,2017-08-24,4.77
602,2017-08-25,4.8
603,2017-08-26,5.59
604,2017-08-27,5.5
605,2017-08-28,5.28
606,2017-08-29,6.56
607,2017-08-30,6.83
608,2017-08-31,6.83
609,2017-01-09,5.43
610,2017-02-09,5.34
611,2017-03-09,4.97
612,2017-04-09,5.11
613,2017-05-09,4.83
614,2017-06-09,4.87
615,2017-07-09,5.01
616,2017-08-09,5.04
617,2017-09-09,4.73
618,2017-10-09,4.49
619,2017-11-09,4.86
620,2017-12-09,4.95
621,2017-09-13,5.03
622,2017-09-14,5.12
623,2017-09-15,5.17
624,2017-09-16,4.9
625,2017-09-17,4.66
626,2017-09-18,5.43
627,2017-09-19,5.34
628,2017-09-20,5.45
629,2017-09-21,5.07
630,2017-09-22,4.64
631,2017-09-23,4.41
632,2017-09-24,4.26
633,2017-09-25,4.23
634,2017-09-26,4.36
635,2017-09-27,5.58
636,2017-09-28,6.78
637,2017-09-29,4.01
638,2017-09-30,4.02
639,2017-01-10,6.6
640,2017-02-10,6.63
641,2017-03-10,6.24
642,2017-04-10,6.02
643,2017-05-10,6.4
644,2017-06-10,6.06
645,2017-07-10,5.55
646,2017-08-10,5.25
647,2017-09-10,4.99
648,2017-10-10,5.5
649,2017-11-10,6.15
650,2017-12-10,5.99
651,2017-10-13,5.82
652,2017-10-14,5.5
653,2017-10-15,5.16
654,2017-10-16,4.95
655,2017-10-17,4.75
656,2017-10-18,4.56
657,2017-10-19,4.4
658,2017-10-20,4.37
659,2017-10-21,4.28
660,2017-10-22,4.3
661,2017-10-23,4.69
662,2017-10-24,4.68
663,2017-10-25,4.68
664,2017-10-26,4.48
665,2017-10-27,4.23
666,2017-10-28,4.08
667,2017-10-29,9.99
668,2017-10-30,9.91
669,2017-10-31,9.91
670,2017-01-11,4.19
671,2017-02-11,4.07
672,2017-03-11,4.08
673,2017-04-11,4.27
674,2017-05-11,4.44
675,2017-06-11,4.48
676,2017-07-11,4.71
677,2017-08-11,5.37
678,2017-09-11,5.54
679,2017-10-11,5.21
680,2017-11-11,4.83
681,2017-12-11,5.01
682,2017-11-13,4.91
683,2017-11-14,4.96
684,2017-11-15,5.17
685,2017-11-16,4.92
686,2017-11-17,4.76
687,2017-11-18,4.71
688,2017-11-19,4.67
689,2017-11-20,4.71
690,2017-11-21,4.78
691,2017-11-22,4.92
692,2017-11-23,5.07
693,2017-11-24,5.37
694,2017-11-25,6.03
695,2017-11-26,7.0
696,2017-11-27,8.73
697,2017-11-28,9.7
698,2017-11-29,5.26
699,2017-11-30,7.45
700,2017-01-12,10.27
701,2017-02-12,10.31
702,2017-03-12,10.19
703,2017-04-12,9.8
704,2017-05-12,9.15
705,2017-06-12,8.55
706,2017-07-12,8.29
707,2017-08-12,8.15
708,2017-09-12,7.87
709,2017-10-12,7.59
710,2017-11-12,7.2
711,2017-12-12,6.72
712,2017-12-13,6.38
713,2017-12-14,6.08
714,2017-12-15,5.73
715,2017-12-16,5.58
716,2017-12-17,5.41
717,2017-12-18,5.11
718,2017-12-19,4.77
719,2017-12-20,4.65
720,2017-12-21,4.59
721,2017-12-22,4.57
722,2017-12-23,4.61
723,2017-12-24,5.19
724,2017-12-25,5.16
725,2017-12-26,4.78
726,2017-12-27,4.57
727,2017-12-28,4.45
728,2017-12-29,4.45
729,2017-12-30,4.45
730,2017-12-31,4.45
731,2018-01-01,7.52
732,2018-02-01,7.53
733,2018-03-01,7.8
734,2018-04-01,8.26
735,2018-05-01,8.42
736,2018-06-01,8.02
737,2018-07-01,7.12
738,2018-08-01,6.47
739,2018-09-01,6.87
740,2018-10-01,6.64
741,2018-11-01,6.32
742,2018-12-01,6.94
743,2018-01-13,8.63
744,2018-01-14,9.14
745,2018-01-15,8.55
746,2018-01-16,7.45
747,2018-01-17,6.61
748,2018-01-18,6.1
749,2018-01-19,5.83
750,2018-01-20,6.06
751,2018-01-21,6.45
752,2018-01-22,6.3
753,2018-01-23,6.05
754,2018-01-24,6.49
755,2018-01-25,6.29
756,2018-01-26,5.9
757,2018-01-27,5.76
758,2018-01-28,5.62
759,2018-01-29,5.41
760,2018-01-30,5.05
761,2018-01-31,4.69
762,2018-01-02,4.54
763,2018-02-02,4.48
764,2018-03-02,4.52
765,2018-04-02,4.38
766,2018-05-02,4.3
767,2018-06-02,4.21
768,2018-07-02,4.14
769,2018-08-02,4.08
770,2018-09-02,4.02
771,2018-10-02,3.97
772,2018-11-02,3.91
773,2018-12-02,3.85
774,2018-02-13,3.81
775,2018-02-14,3.9
776,2018-02-15,4.0
777,2018-02-16,3.86
778,2018-02-17,3.79
779,2018-02-18,3.73
780,2018-02-19,3.71
781,2018-02-20,3.74
782,2018-02-21,3.71
783,2018-02-22,3.65
784,2018-02-23,3.64
785,2018-02-24,4.26
786,2018-02-25,5.09
787,2018-02-26,4.39
788,2018-02-27,4.05
789,2018-02-28,3.89
790,2018-01-03,3.79
791,2018-02-03,3.74
792,2018-03-03,3.68
793,2018-04-03,3.63
794,2018-05-03,3.59
795,2018-06-03,3.55
796,2018-07-03,3.52
797,2018-08-03,3.72
798,2018-09-03,3.82
799,2018-10-03,3.73
800,2018-11-03,3.74
801,2018-12-03,3.61
802,2018-03-13,3.54
803,2018-03-14,3.5
804,2018-03-15,3.47
805,2018-03-16,3.79
806,2018-03-17,4.23
807,2018-03-18,4.1
808,2018-03-19,3.79
809,2018-03-20,3.62
810,2018-03-21,3.54
811,2018-03-22,3.48
812,2018-03-23,3.45
813,2018-03-24,3.46
814,2018-03-25,3.45
815,2018-03-26,3.41
816,2018-03-27,3.37
817,2018-03-28,3.35
818,2018-03-29,4.17
819,2018-03-30,4.1
820,2018-03-31,4.14
821,2018-01-04,3.41
822,2018-02-04,3.38
823,2018-03-04,3.36
824,2018-04-04,3.36
825,2018-05-04,3.34
826,2018-06-04,3.33
827,2018-07-04,3.32
828,2018-08-04,3.3
829,2018-09-04,3.3
830,2018-10-04,3.37
831,2018-11-04,3.43
832,2018-12-04,3.4
833,2018-04-13,3.36
834,2018-04-14,3.32
835,2018-04-15,3.4
836,2018-04-16,3.41
837,2018-04-17,3.34
838,2018-04-18,3.3
839,2018-04-19,3.28
840,2018-04-20,3.27
841,2018-04-21,3.27
842,2018-04-22,3.25
843,2018-04-23,3.25
844,2018-04-24,3.23
845,2018-04-25,3.67
846,2018-04-26,4.13
847,2018-04-27,3.96
848,2018-04-28,4.12
849,2018-04-29,4.31
850,2018-04-30,4.17
851,2018-01-05,4.16
852,2018-02-05,4.15
853,2018-03-05,4.2
854,2018-04-05,4.24
855,2018-05-05,4.25
856,2018-06-05,4.19
857,2018-07-05,4.11
858,2018-08-05,4.14
859,2018-09-05,4.17
860,2018-10-05,4.14
861,2018-11-05,4.22
862,2018-12-05,4.25
863,2018-05-13,4.29
864,2018-05-14,4.28
865,2018-05-15,4.26
866,2018-05-16,4.29
867,2018-05-17,4.24
868,2018-05-18,4.28
869,2018-05-19,4.32
870,2018-05-20,4.31
871,2018-05-21,4.27
872,2018-05-22,4.23
873,2018-05-23,4.18
874,2018-05-24,4.2
875,2018-05-25,4.14
876,2018-05-26,4.16
877,2018-05-27,4.18
878,2018-05-28,4.33
879,2018-05-29,4.63
880,2018-05-30,4.61
881,2018-05-31,4.8
882,2018-01-06,4.12
883,2018-02-06,4.13
884,2018-03-06,4.25
885,2018-04-06,4.24
886,2018-05-06,4.3
887,2018-06-06,4.36
888,2018-07-06,4.34
889,2018-08-06,4.22
890,2018-09-06,4.27
891,2018-10-06,4.35
892,2018-11-06,4.21
893,2018-12-06,4.27
894,2018-06-13,4.33
895,2018-06-14,4.4
896,2018-06-15,4.44
897,2018-06-16,4.37
898,2018-06-17,4.25
899,2018-06-18,4.17
900,2018-06-19,4.18
901,2018-06-20,4.27
902,2018-06-21,4.25
903,2018-06-22,4.27
904,2018-06-23,4.69
905,2018-06-24,4.69
906,2018-06-25,4.69
907,2018-06-26,4.69
908,2018-06-27,4.69
909,2018-06-28,4.69
910,2018-06-29,4.58
911,2018-06-30,4.64
912,2018-01-07,4.62
913,2018-02-07,4.55
914,2018-03-07,4.55
915,2018-04-07,4.55
916,2018-05-07,4.65
917,2018-06-07,4.6
918,2018-07-07,4.68
919,2018-08-07,4.75
920,2018-09-07,4.68
921,2018-10-07,4.6
922,2018-11-07,4.76
923,2018-12-07,4.85
924,2018-07-13,4.88
925,2018-07-14,4.85
926,2018-07-15,4.82
927,2018-07-16,4.85
928,2018-07-17,4.86
929,2018-07-18,4.91
930,2018-07-19,4.86
931,2018-07-20,4.79
932,2018-07-21,4.7
933,2018-07-22,4.83
934,2018-07-23,4.84
935,2018-07-24,4.63
936,2018-07-25,4.65
937,2018-07-26,4.69
938,2018-07-27,4.6
939,2018-07-28,4.57
940,2018-07-29,4.65
941,2018-07-30,4.84
942,2018-07-31,5.55
943,2018-01-08,4.75
944,2018-02-08,4.78
945,2018-03-08,4.87
946,2018-04-08,4.9
947,2018-05-08,4.92
948,2018-06-08,4.86
949,2018-07-08,4.75
950,2018-08-08,4.77
951,2018-09-08,4.78
952,2018-10-08,4.74
953,2018-11-08,4.82
954,2018-12-08,4.86
955,2018-08-13,4.88
956,2018-08-14,4.91
957,2018-08-15,4.88
958,2018-08-16,4.87
959,2018-08-17,4.95
960,2018-08-18,4.97
961,2018-08-19,4.86
962,2018-08-20,4.71
963,2018-08-21,4.78
964,2018-08-22,4.72
965,2018-08-23,4.76
966,2018-08-24,4.87
967,2018-08-25,4.85
968,2018-08-26,4.85
969,2018-08-27,4.85
970,2018-08-28,4.79
971,2018-08-29,5.25
972,2018-08-30,5.35
973,2018-08-31,4.73
974,2018-01-09,4.78
975,2018-02-09,4.75
976,2018-03-09,4.6
977,2018-04-09,4.66
978,2018-05-09,4.76
979,2018-06-09,4.69
980,2018-07-09,4.59
981,2018-08-09,4.62
982,2018-09-09,4.63
983,2018-10-09,4.61
984,2018-11-09,4.83
985,2018-12-09,4.99
986,2018-09-13,5.0
987,2018-09-14,5.01
988,2018-09-15,5.12
989,2018-09-16,5.11
990,2018-09-17,4.93
991,2018-09-18,5.09
992,2018-09-19,5.19
993,2018-09-20,5.05
994,2018-09-21,5.04
995,2018-09-22,5.14
996,2018-09-23,5.23
997,2018-09-24,5.18
998,2018-09-25,5.12
999,2018-09-26,5.18
1000,2018-09-27,5.23
1001,2018-09-28,4.19
1002,2018-09-29,4.39
1003,2018-09-30,4.39
1004,2018-01-10,5.38
1005,2018-02-10,5.35
1006,2018-03-10,5.27
1007,2018-04-10,5.21
1008,2018-05-10,5.13
1009,2018-06-10,5.14
1010,2018-07-10,5.08
1011,2018-08-10,5.09
1012,2018-09-10,5.06
1013,2018-10-10,5.1
1014,2018-11-10,5.07
1015,2018-12-10,5.01
1016,2018-10-13,5.41
1017,2018-10-14,5.08
1018,2018-10-15,4.76
1019,2018-10-16,4.64
1020,2018-10-17,5.0
1021,2018-10-18,5.25
1022,2018-10-19,5.13
1023,2018-10-20,4.82
1024,2018-10-21,4.97
1025,2018-10-22,5.55
1026,2018-10-23,5.24
1027,2018-10-24,5.02
1028,2018-10-25,4.98
1029,2018-10-26,4.65
1030,2018-10-27,4.5
1031,2018-10-28,4.34
1032,2018-10-29,4.31
1033,2018-10-30,4.6
1034,2018-10-31,4.6
1035,2018-01-11,4.63
1036,2018-02-11,4.85
1037,2018-03-11,6.62
1038,2018-04-11,7.21
1039,2018-05-11,6.8
1040,2018-06-11,7.46
1041,2018-07-11,7.67
1042,2018-08-11,7.46
1043,2018-09-11,7.59
1044,2018-10-11,7.49
1045,2018-11-11,7.1
1046,2018-12-11,6.86
1047,2018-11-13,6.21
1048,2018-11-14,5.88
1049,2018-11-15,5.64
1050,2018-11-16,5.5
1051,2018-11-17,5.32
1052,2018-11-18,5.39
1053,2018-11-19,5.83
1054,2018-11-20,6.27
1055,2018-11-21,5.89
1056,2018-11-22,5.43
1057,2018-11-23,5.19
1058,2018-11-24,4.99
1059,2018-11-25,4.8
1060,2018-11-26,5.46
1061,2018-11-27,5.41
1062,2018-11-28,4.76
1063,2018-11-29,6.96
1064,2018-11-30,6.03
1065,2018-01-12,5.05
1066,2018-02-12,5.33
1067,2018-03-12,5.07
1068,2018-04-12,5.82
1069,2018-05-12,6.25
1070,2018-06-12,7.14
1071,2018-07-12,7.57
1072,2018-08-12,6.97
1073,2018-09-12,6.22
1074,2018-10-12,6.07
1075,2018-11-12,6.32
1076,2018-12-12,6.73
1077,2018-12-13,7.68
1078,2018-12-14,8.22
1079,2018-12-15,8.25
1080,2018-12-16,8.59
1081,2018-12-17,8.81
1082,2018-12-18,8.64
1083,2018-12-19,8.28
1084,2018-12-20,7.61
1085,2018-12-21,6.94
1086,2018-12-22,6.43
1087,2018-12-23,6.06
1088,2018-12-24,5.78
1089,2018-12-25,5.56
1090,2018-12-26,5.39
1091,2018-12-27,5.34
1092,2018-12-28,6.26
1093,2018-12-29,6.26
1094,2018-12-30,6.26
1095,2018-12-31,6.26
1096,2019-01-01,5.57
1097,2019-02-01,5.6
1098,2019-03-01,5.55
1099,2019-04-01,6.2
1100,2019-05-01,5.91
1101,2019-06-01,5.7
1102,2019-07-01,6.02
1103,2019-08-01,6.04
1104,2019-09-01,5.99
1105,2019-10-01,6.02
1106,2019-11-01,5.98
1107,2019-12-01,6.16
1108,2019-01-13,6.23
1109,2019-01-14,6.58
1110,2019-01-15,6.12
1111,2019-01-16,5.76
1112,2019-01-17,6.24
1113,2019-01-18,7.06
1114,2019-01-19,6.9
1115,2019-01-20,6.43
1116,2019-01-21,6.02
1117,2019-01-22,5.71
1118,2019-01-23,5.45
1119,2019-01-24,5.28
1120,2019-01-25,5.12
1121,2019-01-26,4.96
1122,2019-01-27,4.83
1123,2019-01-28,4.72
1124,2019-01-29,4.67
1125,2019-01-30,4.64
1126,2019-01-31,4.57
1127,2019-01-02,4.47
1128,2019-02-02,4.42
1129,2019-03-02,4.53
1130,2019-04-02,4.75
1131,2019-05-02,4.59
1132,2019-06-02,4.41
1133,2019-07-02,4.31
1134,2019-08-02,4.23
1135,2019-09-02,4.17
1136,2019-10-02,4.12
1137,2019-11-02,4.06
1138,2019-12-02,4.02
1139,2019-02-13,4.01
1140,2019-02-14,4.29
1141,2019-02-15,4.36
1142,2019-02-16,4.17
1143,2019-02-17,4.07
1144,2019-02-18,4.0
1145,2019-02-19,3.96
1146,2019-02-20,4.02
1147,2019-02-21,4.0
1148,2019-02-22,3.94
1149,2019-02-23,3.89
1150,2019-02-24,3.85
1151,2019-02-25,3.82
1152,2019-02-26,3.8
1153,2019-02-27,3.78
1154,2019-02-28,3.7
1155,2019-01-03,3.61
1156,2019-02-03,3.58
1157,2019-03-03,3.57
1158,2019-04-03,3.55
1159,2019-05-03,3.53
1160,2019-06-03,3.51
1161,2019-07-03,3.48
1162,2019-08-03,3.47
1163,2019-09-03,3.45
1164,2019-10-03,3.43
1165,2019-11-03,3.41
1166,2019-12-03,3.4
1167,2019-03-13,3.37
1168,2019-03-14,3.35
1169,2019-03-15,3.34
1170,2019-03-16,3.33
1171,2019-03-17,3.32
1172,2019-03-18,3.31
1173,2019-03-19,3.29
1174,2019-03-20,3.28
1175,2019-03-21,3.26
1176,2019-03-22,3.25
1177,2019-03-23,3.24
1178,2019-03-24,3.24
1179,2019-03-25,3.22
1180,2019-03-26,3.22
1181,2019-03-27,3.25
1182,2019-03-28,3.22
1183,2019-03-29,3.35
1184,2019-03-30,3.39
1185,2019-03-31,4.47
1186,2019-01-04,3.84
1187,2019-02-04,4.36
1188,2019-03-04,4.25
1189,2019-04-04,3.88
1190,2019-05-04,3.72
1191,2019-06-04,3.6
1192,2019-07-04,3.51
1193,2019-08-04,3.45
1194,2019-09-04,3.42
1195,2019-10-04,3.38
1196,2019-11-04,3.35
1197,2019-12-04,3.44
1198,2019-04-13,3.45
1199,2019-04-14,3.4
1200,2019-04-15,3.36
1201,2019-04-16,3.34
1202,2019-04-17,3.32
1203,2019-04-18,3.29
1204,2019-04-19,3.27
1205,2019-04-20,3.24
1206,2019-04-21,3.22
1207,2019-04-22,3.21
1208,2019-04-23,3.19
1209,2019-04-24,3.2
1210,2019-04-25,3.23
1211,2019-04-26,3.21
1212,2019-04-27,3.21
1213,2019-04-28,3.24
1214,2019-04-29,4.57
1215,2019-04-30,5.04
1216,2019-01-05,3.62
1217,2019-02-05,3.58
1218,2019-03-05,3.53
1219,2019-04-05,3.45
1220,2019-05-05,3.43
1221,2019-06-05,3.47
1222,2019-07-05,3.39
1223,2019-08-05,3.33
1224,2019-09-05,3.28
1225,2019-10-05,3.25
1226,2019-11-05,3.22
1227,2019-12-05,3.21
1228,2019-05-13,3.2
1229,2019-05-14,3.23
1230,2019-05-15,3.61
1231,2019-05-16,3.96
1232,2019-05-17,3.94
1233,2019-05-18,3.92
1234,2019-05-19,3.87
1235,2019-05-20,4.05
1236,2019-05-21,4.1
1237,2019-05-22,3.96
1238,2019-05-23,3.93
1239,2019-05-24,3.9
1240,2019-05-25,4.23
1241,2019-05-26,5.02
1242,2019-05-27,4.7
1243,2019-05-28,4.37
1244,2019-05-29,4.35
1245,2019-05-30,4.46
1246,2019-05-31,4.23
1247,2019-01-06,4.28
1248,2019-02-06,4.13
1249,2019-03-06,4.01
1250,2019-04-06,3.92
1251,2019-05-06,3.86
1252,2019-06-06,4.39
1253,2019-07-06,5.48
1254,2019-08-06,5.09
1255,2019-09-06,5.6
1256,2019-10-06,6.45
1257,2019-11-06,6.05
1258,2019-12-06,5.67
1259,2019-06-13,6.11
1260,2019-06-14,6.03
1261,2019-06-15,5.44
1262,2019-06-16,5.15
1263,2019-06-17,5.18
1264,2019-06-18,5.39
1265,2019-06-19,5.52
1266,2019-06-20,5.31
1267,2019-06-21,5.1
1268,2019-06-22,4.86
1269,2019-06-23,4.81
1270,2019-06-24,4.86
1271,2019-06-25,4.74
1272,2019-06-26,4.64
1273,2019-06-27,4.81
1274,2019-06-28,4.72
1275,2019-06-29,4.34
1276,2019-06-30,4.04
1277,2019-01-07,4.8
1278,2019-02-07,4.5
1279,2019-03-07,4.23
1280,2019-04-07,4.04
1281,2019-05-07,3.89
1282,2019-06-07,3.81
1283,2019-07-07,3.8
1284,2019-08-07,3.89
1285,2019-09-07,3.93
1286,2019-10-07,3.91
1287,2019-11-07,3.83
1288,2019-12-07,4.52
1289,2019-07-13,4.91
1290,2019-07-14,5.03
1291,2019-07-15,4.89
1292,2019-07-16,4.44
1293,2019-07-17,4.22
1294,2019-07-18,4.09
1295,2019-07-19,4.13
1296,2019-07-20,4.26
1297,2019-07-21,4.16
1298,2019-07-22,4.12
1299,2019-07-23,3.96
1300,2019-07-24,3.96
1301,2019-07-25,4.44
1302,2019-07-26,4.58
1303,2019-07-27,4.55
1304,2019-07-28,4.75
1305,2019-07-29,4.6
1306,2019-07-30,4.4
1307,2019-07-31,5.26
1308,2019-01-08,3.76
1309,2019-02-08,3.67
1310,2019-03-08,3.6
1311,2019-04-08,3.53
1312,2019-05-08,3.48
1313,2019-06-08,3.42
1314,2019-07-08,3.38
1315,2019-08-08,3.36
1316,2019-09-08,3.33
1317,2019-10-08,3.31
1318,2019-11-08,3.31
1319,2019-12-08,3.73
1320,2019-08-13,4.2
1321,2019-08-14,4.16
1322,2019-08-15,4.64
1323,2019-08-16,4.59
1324,2019-08-17,4.58
1325,2019-08-18,4.99
1326,2019-08-19,4.99
1327,2019-08-20,4.43
1328,2019-08-21,4.42
1329,2019-08-22,4.56
1330,2019-08-23,4.41
1331,2019-08-24,5.29
1332,2019-08-25,6.28
1333,2019-08-26,5.94
1334,2019-08-27,5.35
1335,2019-08-28,4.9
1336,2019-08-29,4.46
1337,2019-08-30,4.32
1338,2019-08-31,4.32
1339,2019-01-09,4.22
1340,2019-02-09,4.22
1341,2019-03-09,4.14
1342,2019-04-09,4.2
1343,2019-05-09,4.61
1344,2019-06-09,4.5
1345,2019-07-09,4.24
1346,2019-08-09,4.51
1347,2019-09-09,5.54
1348,2019-10-09,6.59
1349,2019-11-09,6.19
1350,2019-12-09,5.73
1351,2019-09-13,5.46
1352,2019-09-14,5.39
1353,2019-09-15,5.1
1354,2019-09-16,4.94
1355,2019-09-17,4.69
1356,2019-09-18,4.62
1357,2019-09-19,4.45
1358,2019-09-20,4.46
1359,2019-09-21,4.39
1360,2019-09-22,4.76
1361,2019-09-23,4.84
1362,2019-09-24,4.54
1363,2019-09-25,4.56
1364,2019-09-26,4.62
1365,2019-09-27,4.57
1366,2019-09-28,4.45
1367,2019-09-29,4.57
1368,2019-09-30,4.39
1369,2019-01-10,4.17
1370,2019-02-10,4.25
1371,2019-03-10,4.7
1372,2019-04-10,4.91
1373,2019-05-10,4.75
1374,2019-06-10,4.86
1375,2019-07-10,5.17
1376,2019-08-10,4.97
1377,2019-09-10,4.76
1378,2019-10-10,4.63
1379,2019-11-10,5.28
1380,2019-12-10,5.23
1381,2019-10-13,5.47
1382,2019-10-14,5.27
1383,2019-10-15,4.95
1384,2019-10-16,4.91
1385,2019-10-17,4.7
1386,2019-10-18,4.87
1387,2019-10-19,4.64
1388,2019-10-20,4.54
1389,2019-10-21,4.36
1390,2019-10-22,4.33
1391,2019-10-23,4.24
1392,2019-10-24,4.75
1393,2019-10-25,5.58
1394,2019-10-26,5.44
1395,2019-10-27,4.83
1396,2019-10-28,4.58
1397,2019-10-29,7.69
1398,2019-10-30,8.98
1399,2019-10-31,8.98
1400,2019-01-11,4.61
1401,2019-02-11,4.69
1402,2019-03-11,4.89
1403,2019-04-11,4.91
1404,2019-05-11,5.44
1405,2019-06-11,6.04
1406,2019-07-11,6.63
1407,2019-08-11,6.85
1408,2019-09-11,7.09
1409,2019-10-11,7.02
1410,2019-11-11,6.93
1411,2019-12-11,6.76
1412,2019-11-13,6.64
1413,2019-11-14,6.8
1414,2019-11-15,6.71
1415,2019-11-16,6.47
1416,2019-11-17,6.24
1417,2019-11-18,5.94
1418,2019-11-19,5.74
1419,2019-11-20,5.68
1420,2019-11-21,5.52
1421,2019-11-22,5.77
1422,2019-11-23,6.09
1423,2019-11-24,6.15
1424,2019-11-25,5.87
1425,2019-11-26,6.04
1426,2019-11-27,6.04
1427,2019-11-28,6.6
1428,2019-11-29,5.57
1429,2019-11-30,5.39
1430,2019-01-12,10.27
1431,2019-02-12,10.57
1432,2019-03-12,10.55
1433,2019-04-12,10.42
1434,2019-05-12,10.06
1435,2019-06-12,9.45
1436,2019-07-12,8.73
1437,2019-08-12,7.92
1438,2019-09-12,7.75
1439,2019-10-12,7.63
1440,2019-11-12,7.32
1441,2019-12-12,6.94
1442,2019-12-13,6.59
1443,2019-12-14,6.33
1444,2019-12-15,6.38
1445,2019-12-16,6.42
1446,2019-12-17,6.79
1447,2019-12-18,8.31
1448,2019-12-19,10.55
1449,2019-12-20,10.69
1450,2019-12-21,10.43
1451,2019-12-22,9.65
1452,2019-12-23,8.68
1453,2019-12-24,7.58
1454,2019-12-25,6.8
1455,2019-12-26,6.33
1456,2019-12-27,6.01
1457,2019-12-28,5.75
1458,2019-12-29,5.75
1459,2019-12-30,5.75
1460,2019-12-31,5.75
1461,2020-01-01,5.13
1462,2020-02-01,5.02
1463,2020-03-01,4.98
1464,2020-04-01,5.0
1465,2020-05-01,4.87
1466,2020-06-01,4.76
1467,2020-07-01,4.68
1468,2020-08-01,4.63
1469,2020-09-01,4.74
1470,2020-10-01,4.59
1471,2020-11-01,4.48
1472,2020-12-01,4.41
1473,2020-01-13,4.36
1474,2020-01-14,4.32
1475,2020-01-15,4.27
1476,2020-01-16,4.23
1477,2020-01-17,4.18
1478,2020-01-18,4.19
1479,2020-01-19,4.43
1480,2020-01-20,5.1
1481,2020-01-21,4.98
1482,2020-01-22,4.53
1483,2020-01-23,4.19
1484,2020-01-24,4.07
1485,2020-01-25,3.95
1486,2020-01-26,3.86
1487,2020-01-27,3.8
1488,2020-01-28,3.77
1489,2020-01-29,3.71
1490,2020-01-30,3.66
1491,2020-01-31,3.62
1492,2020-01-02,3.61
1493,2020-02-02,3.8
1494,2020-03-02,3.76
1495,2020-04-02,3.65
1496,2020-05-02,3.58
1497,2020-06-02,3.54
1498,2020-07-02,3.52
1499,2020-08-02,3.5
1500,2020-09-02,3.47
1501,2020-10-02,3.55
1502,2020-11-02,5.2
1503,2020-12-02,6.93
1504,2020-02-13,6.98
1505,2020-02-14,5.99
1506,2020-02-15,5.33
1507,2020-02-16,4.93
1508,2020-02-17,4.63
1509,2020-02-18,4.57
1510,2020-02-19,4.7
1511,2020-02-20,4.4
1512,2020-02-21,4.22
1513,2020-02-22,4.12
1514,2020-02-23,4.08
1515,2020-02-24,4.36
1516,2020-02-25,4.26
1517,2020-02-26,4.06
1518,2020-02-27,3.93
1519,2020-02-28,3.85
1520,2020-02-29,3.79
1521,2020-01-03,3.73
1522,2020-02-03,3.68
1523,2020-03-03,3.62
1524,2020-04-03,3.6
1525,2020-05-03,3.56
1526,2020-06-03,3.55
1527,2020-07-03,3.66
1528,2020-08-03,3.7
1529,2020-09-03,3.57
1530,2020-10-03,3.5
1531,2020-11-03,3.47
1532,2020-12-03,3.42
1533,2020-03-13,3.38
1534,2020-03-14,3.37
1535,2020-03-15,3.37
1536,2020-03-16,3.37
1537,2020-03-17,3.35
1538,2020-03-18,3.31
1539,2020-03-19,3.3
1540,2020-03-20,3.28
1541,2020-03-21,3.26
1542,2020-03-22,3.24
1543,2020-03-23,3.49
1544,2020-03-24,3.79
1545,2020-03-25,3.62
1546,2020-03-26,3.46
1547,2020-03-27,3.36
1548,2020-03-28,3.31
1549,2020-03-29,3.27
1550,2020-03-30,3.27
1551,2020-03-31,3.67
1552,2020-01-04,3.2
1553,2020-02-04,3.2
1554,2020-03-04,3.35
1555,2020-04-04,3.42
1556,2020-05-04,3.29
1557,2020-06-04,3.24
1558,2020-07-04,3.21
1559,2020-08-04,3.19
1560,2020-09-04,3.16
1561,2020-10-04,3.14
1562,2020-11-04,3.13
1563,2020-12-04,3.11
1564,2020-04-13,3.08
1565,2020-04-14,3.05
1566,2020-04-15,3.06
1567,2020-04-16,3.05
1568,2020-04-17,3.04
1569,2020-04-18,3.03
1570,2020-04-19,3.02
1571,2020-04-20,3.01
1572,2020-04-21,3.01
1573,2020-04-22,3.0
1574,2020-04-23,3.0
1575,2020-04-24,3.04
1576,2020-04-25,3.11
1577,2020-04-26,3.13
1578,2020-04-27,3.22
1579,2020-04-28,3.24
1580,2020-04-29,3.25
1581,2020-04-30,3.69
1582,2020-01-05,3.28
1583,2020-02-05,3.3
1584,2020-03-05,3.27
1585,2020-04-05,3.18
1586,2020-05-05,3.41
1587,2020-06-05,3.69
1588,2020-07-05,3.37
1589,2020-08-05,3.32
1590,2020-09-05,3.42
1591,2020-10-05,3.39
1592,2020-11-05,3.27
1593,2020-12-05,3.19
1594,2020-05-13,3.24
1595,2020-05-14,3.34
1596,2020-05-15,3.4
1597,2020-05-16,3.48
1598,2020-05-17,3.96
1599,2020-05-18,3.48
1600,2020-05-19,3.42
1601,2020-05-20,3.4
1602,2020-05-21,4.01
1603,2020-05-22,4.25
1604,2020-05-23,4.22
1605,2020-05-24,4.11
1606,2020-05-25,3.94
1607,2020-05-26,3.79
1608,2020-05-27,4.12
1609,2020-05-28,3.91
1610,2020-05-29,3.79
1611,2020-05-30,4.69
1612,2020-05-31,4.69
1613,2020-01-06,3.79
1614,2020-02-06,4.38
1615,2020-03-06,4.51
1616,2020-04-06,4.88
1617,2020-05-06,5.03
1618,2020-06-06,5.23
1619,2020-07-06,5.43
1620,2020-08-06,5.41
1621,2020-09-06,5.3
1622,2020-10-06,5.39
1623,2020-11-06,5.7
1624,2020-12-06,5.1
1625,2020-06-13,5.41
1626,2020-06-14,5.1
1627,2020-06-15,4.85
1628,2020-06-16,5.29
1629,2020-06-17,5.42
1630,2020-06-18,5.08
1631,2020-06-19,4.85
1632,2020-06-20,5.14
1633,2020-06-21,5.8
1634,2020-06-22,5.79
1635,2020-06-23,6.06
1636,2020-06-24,5.84
1637,2020-06-25,5.75
1638,2020-06-26,5.63
1639,2020-06-27,5.35
1640,2020-06-28,5.09
1641,2020-06-29,4.87
1642,2020-06-30,4.99
1643,2020-01-07,4.98
1644,2020-02-07,5.07
1645,2020-03-07,5.08
1646,2020-04-07,5.25
1647,2020-05-07,5.04
1648,2020-06-07,4.68
1649,2020-07-07,4.48
1650,2020-08-07,4.43
1651,2020-09-07,4.42
1652,2020-10-07,4.38
1653,2020-11-07,4.43
1654,2020-12-07,5.35
1655,2020-07-13,5.85
1656,2020-07-14,5.63
1657,2020-07-15,5.24
1658,2020-07-16,4.96
1659,2020-07-17,4.84
1660,2020-07-18,4.94
1661,2020-07-19,4.92
1662,2020-07-20,4.66
1663,2020-07-21,4.58
1664,2020-07-22,4.37
1665,2020-07-23,4.16
1666,2020-07-24,4.29
1667,2020-07-25,4.39
1668,2020-07-26,4.37
1669,2020-07-27,4.56
1670,2020-07-28,4.8
1671,2020-07-29,4.87
1672,2020-07-30,4.87
1673,2020-07-31,6.16
1674,2020-01-08,4.89
1675,2020-02-08,4.51
1676,2020-03-08,4.26
1677,2020-04-08,4.1
1678,2020-05-08,3.97
1679,2020-06-08,3.91
1680,2020-07-08,3.87
1681,2020-08-08,3.92
1682,2020-09-08,3.91
1683,2020-10-08,3.8
1684,2020-11-08,3.78
1685,2020-12-08,4.16
1686,2020-08-13,4.42
1687,2020-08-14,5.28
1688,2020-08-15,5.38
1689,2020-08-16,4.68
1690,2020-08-17,4.81
1691,2020-08-18,4.81
1692,2020-08-19,4.81
1693,2020-08-20,4.81
1694,2020-08-21,4.81
1695,2020-08-22,4.81
1696,2020-08-23,4.81
1697,2020-08-24,4.81
1698,2020-08-25,4.81
1699,2020-08-26,4.81
1700,2020-08-27,4.81
1701,2020-08-28,4.81
1702,2020-08-29,4.81
1703,2020-08-30,4.81
1704,2020-08-31,4.81
1764,2020-10-30,9.37
1765,2020-10-31,9.37
1766,2020-01-11,6.11
1767,2020-02-11,6.11
1768,2020-03-11,6.11
1769,2020-04-11,6.11
1770,2020-05-11,6.11
1771,2020-06-11,6.11
1772,2020-07-11,6.11
1773,2020-08-11,6.11
1774,2020-09-11,6.11
1775,2020-10-11,6.11
1776,2020-11-11,6.11
1777,2020-12-11,6.11
1778,2020-11-13,6.11
1779,2020-11-14,6.11
1780,2020-11-15,6.11
1781,2020-11-16,6.11
1782,2020-11-17,6.11
1783,2020-11-18,6.11
1784,2020-11-19,6.74
1785,2020-11-20,6.21
1786,2020-11-21,5.99
1787,2020-11-22,5.75
1788,2020-11-23,5.75
1789,2020-11-24,6.63
1790,2020-11-25,7.8
1791,2020-11-26,7.89
1792,2020-11-27,7.96
1793,2020-11-28,9.02
1794,2020-11-29,9.37
1795,2020-11-30,6.57
1796,2020-01-12,8.97
1797,2020-02-12,8.43
1798,2020-03-12,8.36
1799,2020-04-12,9.11
1800,2020-05-12,9.54
1801,2020-06-12,9.29
1802,2020-07-12,8.63
1803,2020-08-12,7.66
1804,2020-09-12,6.9
1805,2020-10-12,6.44
1806,2020-11-12,6.11
1807,2020-12-12,5.83
1808,2020-12-13,5.83
1809,2020-12-14,5.68
1810,2020-12-15,5.44
1811,2020-12-16,5.83
1812,2020-12-17,7.15
1813,2020-12-18,9.11
1814,2020-12-19,10.29
1815,2020-12-20,10.39
1816,2020-12-21,10.31
1817,2020-12-22,10.14
1818,2020-12-23,9.69
1819,2020-12-24,8.98
1820,2020-12-25,8.38
1821,2020-12-26,8.12
1822,2020-12-27,7.83
1823,2020-12-28,7.88
1824,2020-12-29,7.23
1825,2020-12-30,7.23
1826,2020-12-31,7.23
