,Date,Sg. Temerloh (m)
181,2016-06-30,23.42
212,2016-07-31,23.88
272,2016-09-29,23.2
273,2016-09-30,23.2
299,2016-10-26,23.04
300,2016-10-27,23.02
301,2016-10-28,22.99
302,2016-10-29,23.05
303,2016-10-30,24.36
304,2016-10-31,24.36
305,2016-01-11,23.5
306,2016-02-11,23.41
307,2016-03-11,23.53
308,2016-04-11,23.76
309,2016-05-11,23.84
310,2016-06-11,24.09
311,2016-07-11,24.35
312,2016-08-11,24.96
313,2016-09-11,24.95
314,2016-10-11,24.98
315,2016-11-11,24.7
316,2016-12-11,24.67
317,2016-11-13,24.45
318,2016-11-14,24.08
319,2016-11-15,23.82
320,2016-11-16,23.79
321,2016-11-17,23.7
322,2016-11-18,23.58
323,2016-11-19,23.56
324,2016-11-20,23.97
325,2016-11-21,24.72
326,2016-11-22,25.88
327,2016-11-23,25.35
328,2016-11-24,25.31
329,2016-11-25,24.83
330,2016-11-26,24.4
331,2016-11-27,24.33
332,2016-11-28,24.48
333,2016-11-29,24.51
334,2016-11-30,24.06
335,2016-01-12,24.68
336,2016-02-12,24.71
337,2016-03-12,24.56
338,2016-04-12,25.16
339,2016-05-12,25.14
340,2016-06-12,24.82
341,2016-07-12,24.58
342,2016-08-12,24.81
343,2016-09-12,25.32
344,2016-10-12,24.98
345,2016-11-12,25.14
346,2016-12-12,26.75
347,2016-12-13,26.35
348,2016-12-14,24.99
349,2016-12-15,24.45
350,2016-12-16,24.33
351,2016-12-17,24.29
352,2016-12-18,24.7
353,2016-12-19,25.21
354,2016-12-20,24.93
355,2016-12-21,24.67
356,2016-12-22,24.54
357,2016-12-23,24.37
358,2016-12-24,24.39
359,2016-12-25,24.35
360,2016-12-26,24.51
361,2016-12-27,24.69
362,2016-12-28,24.56
363,2016-12-29,24.34
364,2016-12-30,24.34
365,2016-12-31,24.34
366,2017-01-01,24.01
367,2017-02-01,25.17
368,2017-03-01,25.67
369,2017-04-01,25.92
370,2017-05-01,25.95
371,2017-06-01,25.28
372,2017-07-01,24.63
373,2017-08-01,24.33
374,2017-09-01,24.11
375,2017-10-01,23.95
376,2017-11-01,23.82
377,2017-12-01,23.76
378,2017-01-13,23.75
379,2017-01-14,23.96
380,2017-01-15,24.37
381,2017-01-16,25.03
382,2017-01-17,24.89
383,2017-01-18,24.99
384,2017-01-19,25.16
385,2017-01-20,25.08
386,2017-01-21,24.93
387,2017-01-22,24.98
388,2017-01-23,25.76
389,2017-01-24,26.69
390,2017-01-25,30.02
391,2017-01-26,32.01
392,2017-01-27,32.75
393,2017-01-28,32.95
394,2017-01-29,32.41
395,2017-01-30,30.24
396,2017-01-31,27.66
397,2017-01-02,26.57
398,2017-02-02,26.19
399,2017-03-02,25.8
400,2017-04-02,25.42
401,2017-05-02,25.24
402,2017-06-02,25.18
403,2017-07-02,25.11
404,2017-08-02,24.97
405,2017-09-02,24.68
406,2017-10-02,24.49
407,2017-11-02,24.36
408,2017-12-02,24.27
409,2017-02-13,24.26
410,2017-02-14,24.2
411,2017-02-15,24.18
412,2017-02-16,24.25
413,2017-02-17,24.27
414,2017-02-18,24.16
415,2017-02-19,24.06
416,2017-02-20,24.09
417,2017-02-21,24.09
418,2017-02-22,24.04
419,2017-02-23,23.96
420,2017-02-24,24.03
421,2017-02-25,24.11
422,2017-02-26,24.25
423,2017-02-27,24.46
424,2017-02-28,24.87
425,2017-01-03,25.68
426,2017-02-03,25.78
427,2017-03-03,26.31
428,2017-04-03,26.78
429,2017-05-03,26.03
430,2017-06-03,25.28
431,2017-07-03,24.99
432,2017-08-03,24.58
433,2017-09-03,24.37
434,2017-10-03,24.25
435,2017-11-03,24.08
436,2017-12-03,23.97
437,2017-03-13,23.91
438,2017-03-14,23.84
439,2017-03-15,23.8
440,2017-03-16,23.79
441,2017-03-17,23.86
442,2017-03-18,23.96
443,2017-03-19,24.07
444,2017-03-20,24.26
445,2017-03-21,24.53
446,2017-03-22,24.77
447,2017-03-23,24.51
448,2017-03-24,24.21
449,2017-03-25,24.21
450,2017-03-26,24.32
451,2017-03-27,24.17
452,2017-03-28,23.99
453,2017-03-29,25.11
454,2017-03-30,24.86
455,2017-03-31,25.3
456,2017-01-04,24.75
457,2017-02-04,25.13
458,2017-03-04,25.88
459,2017-04-04,26.32
460,2017-05-04,26.23
461,2017-06-04,25.73
462,2017-07-04,25.12
463,2017-08-04,24.67
464,2017-09-04,24.89
465,2017-10-04,25.12
466,2017-11-04,25.39
467,2017-12-04,25.48
468,2017-04-13,25.47
469,2017-04-14,25.2
470,2017-04-15,25.19
471,2017-04-16,25.12
472,2017-04-17,24.75
473,2017-04-18,24.43
474,2017-04-19,24.49
475,2017-04-20,24.9
476,2017-04-21,25.9
477,2017-04-22,26.93
478,2017-04-23,26.53
479,2017-04-24,26.09
480,2017-04-25,25.63
481,2017-04-26,25.54
482,2017-04-27,25.83
483,2017-04-28,25.56
484,2017-04-29,25.29
485,2017-04-30,25.0
486,2017-01-05,24.86
487,2017-02-05,24.84
488,2017-03-05,24.63
489,2017-04-05,24.61
490,2017-05-05,24.54
491,2017-06-05,24.82
492,2017-07-05,25.18
493,2017-08-05,25.1
494,2017-09-05,25.57
495,2017-10-05,27.98
496,2017-11-05,28.62
497,2017-12-05,28.37
498,2017-05-13,28.2
499,2017-05-14,27.15
500,2017-05-15,26.42
501,2017-05-16,25.99
502,2017-05-17,25.63
503,2017-05-18,25.96
504,2017-05-19,25.88
505,2017-05-20,25.69
506,2017-05-21,25.47
507,2017-05-22,25.16
508,2017-05-23,24.84
509,2017-05-24,25.06
510,2017-05-25,26.51
511,2017-05-26,27.35
512,2017-05-27,27.04
513,2017-05-28,25.81
514,2017-05-29,24.73
515,2017-05-30,25.1
516,2017-05-31,25.47
517,2017-01-06,26.17
518,2017-02-06,26.48
519,2017-03-06,26.14
520,2017-04-06,26.1
521,2017-05-06,25.42
522,2017-06-06,25.07
523,2017-07-06,24.76
524,2017-08-06,24.58
525,2017-09-06,24.46
526,2017-10-06,24.39
527,2017-11-06,24.64
528,2017-12-06,25.06
529,2017-06-13,24.61
530,2017-06-14,24.46
531,2017-06-15,24.55
532,2017-06-16,24.4
533,2017-06-17,24.65
534,2017-06-18,25.45
535,2017-06-19,25.69
536,2017-06-20,25.32
537,2017-06-21,24.88
538,2017-06-22,24.81
539,2017-06-23,24.78
540,2017-06-24,24.87
541,2017-06-25,24.58
542,2017-06-26,24.44
543,2017-06-27,24.49
544,2017-06-28,24.73
545,2017-06-29,23.71
546,2017-06-30,23.71
547,2017-01-07,25.35
548,2017-02-07,25.33
549,2017-03-07,25.19
550,2017-04-07,26.31
551,2017-05-07,26.19
552,2017-06-07,25.43
553,2017-07-07,25.48
554,2017-08-07,25.11
555,2017-09-07,24.74
556,2017-10-07,24.55
557,2017-11-07,24.56
558,2017-12-07,24.76
559,2017-07-13,24.96
560,2017-07-14,24.74
561,2017-07-15,24.59
562,2017-07-16,24.45
563,2017-07-17,24.27
564,2017-07-18,24.13
565,2017-07-19,24.01
566,2017-07-20,24.03
567,2017-07-21,24.31
568,2017-07-22,24.2
569,2017-07-23,23.94
570,2017-07-24,23.88
571,2017-07-25,23.97
572,2017-07-26,23.87
573,2017-07-27,23.81
574,2017-07-28,23.78
575,2017-07-29,24.71
576,2017-07-30,24.98
577,2017-07-31,25.45
578,2017-01-08,23.68
579,2017-02-08,23.68
580,2017-03-08,23.74
581,2017-04-08,23.77
582,2017-05-08,23.81
583,2017-06-08,23.71
584,2017-07-08,23.66
585,2017-08-08,23.77
586,2017-09-08,24.08
587,2017-10-08,24.33
588,2017-11-08,24.7
589,2017-12-08,24.58
590,2017-08-13,24.96
591,2017-08-14,25.15
592,2017-08-15,25.14
593,2017-08-16,24.96
594,2017-08-17,24.7
595,2017-08-18,24.61
596,2017-08-19,24.71
597,2017-08-20,24.61
598,2017-08-21,24.37
599,2017-08-22,24.18
600,2017-08-23,24.18
601,2017-08-24,24.09
602,2017-08-25,23.92
603,2017-08-26,24.1
604,2017-08-27,25.32
605,2017-08-28,25.02
606,2017-08-29,25.1
607,2017-08-30,25.14
608,2017-08-31,25.14
609,2017-01-09,25.08
610,2017-02-09,24.56
611,2017-03-09,24.79
612,2017-04-09,25.33
613,2017-05-09,25.39
614,2017-06-09,25.03
615,2017-07-09,24.85
616,2017-08-09,25.1
617,2017-09-09,24.92
618,2017-10-09,24.97
619,2017-11-09,24.93
620,2017-12-09,25.62
621,2017-09-13,26.16
622,2017-09-14,25.33
623,2017-09-15,25.2
624,2017-09-16,25.24
625,2017-09-17,24.84
626,2017-09-18,24.68
627,2017-09-19,25.71
628,2017-09-20,26.13
629,2017-09-21,25.59
630,2017-09-22,25.28
631,2017-09-23,24.9
632,2017-09-24,24.48
633,2017-09-25,24.32
634,2017-09-26,24.16
635,2017-09-27,24.6
636,2017-09-28,25.35
637,2017-09-29,25.66
638,2017-09-30,25.31
639,2017-01-10,24.93
640,2017-02-10,25.17
641,2017-03-10,25.82
642,2017-04-10,25.2
643,2017-05-10,24.66
644,2017-06-10,24.51
645,2017-07-10,24.4
646,2017-08-10,24.87
647,2017-09-10,25.61
648,2017-10-10,25.57
649,2017-11-10,25.64
650,2017-12-10,25.65
651,2017-10-13,25.79
652,2017-10-14,26.23
653,2017-10-15,26.1
654,2017-10-16,25.09
655,2017-10-17,24.62
656,2017-10-18,24.42
657,2017-10-19,24.29
658,2017-10-20,24.18
659,2017-10-21,24.13
660,2017-10-22,24.11
661,2017-10-23,24.01
662,2017-10-24,23.98
663,2017-10-25,23.98
664,2017-10-26,24.3
665,2017-10-27,24.85
666,2017-10-28,25.62
667,2017-10-29,26.08
668,2017-10-30,26.07
669,2017-10-31,26.07
670,2017-01-11,25.32
671,2017-02-11,25.07
672,2017-03-11,24.95
673,2017-04-11,24.86
674,2017-05-11,24.87
675,2017-06-11,24.49
676,2017-07-11,24.34
677,2017-08-11,24.34
678,2017-09-11,24.87
679,2017-10-11,25.25
680,2017-11-11,25.38
681,2017-12-11,25.29
682,2017-11-13,25.7
683,2017-11-14,25.68
684,2017-11-15,25.96
685,2017-11-16,26.13
686,2017-11-17,25.49
687,2017-11-18,25.48
688,2017-11-19,25.22
689,2017-11-20,24.87
690,2017-11-21,24.61
691,2017-11-22,24.75
692,2017-11-23,24.76
693,2017-11-24,24.82
694,2017-11-25,24.98
695,2017-11-26,25.3
696,2017-11-27,24.99
697,2017-11-28,24.92
698,2017-11-29,24.65
699,2017-11-30,24.81
700,2017-01-12,26.33
701,2017-02-12,27.18
702,2017-03-12,26.72
703,2017-04-12,26.62
704,2017-05-12,27.6
705,2017-06-12,27.12
706,2017-07-12,26.47
707,2017-08-12,26.28
708,2017-09-12,26.2
709,2017-10-12,26.33
710,2017-11-12,25.78
711,2017-12-12,25.51
712,2017-12-13,26.18
713,2017-12-14,26.19
714,2017-12-15,25.57
715,2017-12-16,25.18
716,2017-12-17,24.88
717,2017-12-18,24.65
718,2017-12-19,24.67
719,2017-12-20,24.65
720,2017-12-21,24.46
721,2017-12-22,24.33
722,2017-12-23,24.26
723,2017-12-24,24.25
724,2017-12-25,24.35
725,2017-12-26,24.47
726,2017-12-27,24.34
727,2017-12-28,24.36
728,2017-12-29,24.36
729,2017-12-30,24.36
730,2017-12-31,24.36
731,2018-01-01,26.4
732,2018-02-01,28.77
733,2018-03-01,30.11
734,2018-04-01,31.03
735,2018-05-01,31.34
736,2018-06-01,30.49
737,2018-07-01,28.55
738,2018-08-01,27.1
739,2018-09-01,26.81
740,2018-10-01,26.88
741,2018-11-01,26.94
742,2018-12-01,27.09
743,2018-01-13,27.82
744,2018-01-14,28.46
745,2018-01-15,28.0
746,2018-01-16,27.02
747,2018-01-17,26.28
748,2018-01-18,26.16
749,2018-01-19,26.03
750,2018-01-20,25.88
751,2018-01-21,25.89
752,2018-01-22,26.17
753,2018-01-23,26.01
754,2018-01-24,26.23
755,2018-01-25,26.34
756,2018-01-26,26.37
757,2018-01-27,26.34
758,2018-01-28,26.33
759,2018-01-29,26.28
760,2018-01-30,26.21
761,2018-01-31,26.49
762,2018-01-02,26.39
763,2018-02-02,26.69
764,2018-03-02,26.29
765,2018-04-02,25.88
766,2018-05-02,25.46
767,2018-06-02,25.14
768,2018-07-02,24.95
769,2018-08-02,24.82
770,2018-09-02,24.73
771,2018-10-02,24.64
772,2018-11-02,24.56
773,2018-12-02,24.5
774,2018-02-13,24.43
775,2018-02-14,24.37
776,2018-02-15,24.37
777,2018-02-16,24.41
778,2018-02-17,24.34
779,2018-02-18,24.31
780,2018-02-19,24.34
781,2018-02-20,24.25
782,2018-02-21,24.18
783,2018-02-22,24.25
784,2018-02-23,24.23
785,2018-02-24,24.37
786,2018-02-25,24.4
787,2018-02-26,24.44
788,2018-02-27,24.26
789,2018-02-28,24.1
790,2018-01-03,24.02
791,2018-02-03,24.01
792,2018-03-03,24.0
793,2018-04-03,24.14
794,2018-05-03,24.5
795,2018-06-03,24.24
796,2018-07-03,23.99
797,2018-08-03,23.99
798,2018-09-03,24.51
799,2018-10-03,24.33
800,2018-11-03,24.04
801,2018-12-03,23.98
802,2018-03-13,23.9
803,2018-03-14,23.85
804,2018-03-15,23.78
805,2018-03-16,23.81
806,2018-03-17,24.13
807,2018-03-18,24.26
808,2018-03-19,23.98
809,2018-03-20,23.79
810,2018-03-21,23.73
811,2018-03-22,23.7
812,2018-03-23,23.7
813,2018-03-24,23.69
814,2018-03-25,23.63
815,2018-03-26,23.57
816,2018-03-27,23.55
817,2018-03-28,23.91
818,2018-03-29,23.53
819,2018-03-30,23.46
820,2018-03-31,23.89
821,2018-01-04,24.09
822,2018-02-04,24.54
823,2018-03-04,24.47
824,2018-04-04,24.21
825,2018-05-04,24.27
826,2018-06-04,23.83
827,2018-07-04,23.79
828,2018-08-04,23.9
829,2018-09-04,23.77
830,2018-10-04,23.61
831,2018-11-04,23.58
832,2018-12-04,23.54
833,2018-04-13,23.5
834,2018-04-14,23.48
835,2018-04-15,23.47
836,2018-04-16,23.48
837,2018-04-17,23.53
838,2018-04-18,23.54
839,2018-04-19,23.5
840,2018-04-20,23.62
841,2018-04-21,23.63
842,2018-04-22,23.69
843,2018-04-23,23.65
844,2018-04-24,23.74
845,2018-04-25,23.95
846,2018-04-26,23.81
847,2018-04-27,23.64
848,2018-04-28,23.59
849,2018-04-29,24.06
850,2018-04-30,23.8
851,2018-01-05,23.6
852,2018-02-05,24.16
853,2018-03-05,24.59
854,2018-04-05,24.48
855,2018-05-05,24.3
856,2018-06-05,24.27
857,2018-07-05,23.79
858,2018-08-05,23.65
859,2018-09-05,24.02
860,2018-10-05,24.33
861,2018-11-05,24.02
862,2018-12-05,23.8
863,2018-05-13,24.07
864,2018-05-14,24.06
865,2018-05-15,24.25
866,2018-05-16,24.6
867,2018-05-17,24.48
868,2018-05-18,24.2
869,2018-05-19,24.11
870,2018-05-20,24.06
871,2018-05-21,24.27
872,2018-05-22,24.48
873,2018-05-23,24.18
874,2018-05-24,24.12
875,2018-05-25,24.31
876,2018-05-26,24.17
877,2018-05-27,24.02
878,2018-05-28,23.97
879,2018-05-29,24.35
880,2018-05-30,24.07
881,2018-05-31,23.47
882,2018-01-06,24.47
883,2018-02-06,25.06
884,2018-03-06,25.28
885,2018-04-06,24.84
886,2018-05-06,24.21
887,2018-06-06,23.95
888,2018-07-06,23.8
889,2018-08-06,23.74
890,2018-09-06,23.72
891,2018-10-06,23.63
892,2018-11-06,23.55
893,2018-12-06,23.45
894,2018-06-13,23.5
895,2018-06-14,23.53
896,2018-06-15,23.44
897,2018-06-16,23.38
898,2018-06-17,23.38
899,2018-06-18,23.32
900,2018-06-19,23.32
901,2018-06-20,23.29
902,2018-06-21,23.3
903,2018-06-22,23.42
904,2018-06-23,23.7
905,2018-06-24,24.32
906,2018-06-25,25.18
907,2018-06-26,25.06
908,2018-06-27,25.25
909,2018-06-28,25.2
910,2018-06-29,23.62
911,2018-06-30,23.56
912,2018-01-07,24.13
913,2018-02-07,24.17
914,2018-03-07,24.77
915,2018-04-07,24.73
916,2018-05-07,24.35
917,2018-06-07,24.22
918,2018-07-07,24.01
919,2018-08-07,23.84
920,2018-09-07,23.73
921,2018-10-07,23.71
922,2018-11-07,23.75
923,2018-12-07,23.71
924,2018-07-13,23.62
925,2018-07-14,23.56
926,2018-07-15,23.51
927,2018-07-16,23.46
928,2018-07-17,23.4
929,2018-07-18,23.38
930,2018-07-19,23.4
931,2018-07-20,23.4
932,2018-07-21,23.39
933,2018-07-22,23.38
934,2018-07-23,23.38
935,2018-07-24,23.41
936,2018-07-25,23.41
937,2018-07-26,23.45
938,2018-07-27,23.63
939,2018-07-28,23.72
940,2018-07-29,23.23
941,2018-07-30,23.28
942,2018-07-31,24.78
943,2018-01-08,24.41
944,2018-02-08,25.07
945,2018-03-08,25.15
946,2018-04-08,24.57
947,2018-05-08,24.01
948,2018-06-08,23.72
949,2018-07-08,23.6
950,2018-08-08,23.51
951,2018-09-08,23.54
952,2018-10-08,23.61
953,2018-11-08,23.58
954,2018-12-08,23.47
955,2018-08-13,23.43
956,2018-08-14,23.36
957,2018-08-15,23.3
958,2018-08-16,23.3
959,2018-08-17,23.32
960,2018-08-18,23.32
961,2018-08-19,23.32
962,2018-08-20,23.3
963,2018-08-21,23.3
964,2018-08-22,23.29
965,2018-08-23,23.32
966,2018-08-24,23.43
967,2018-08-25,23.48
968,2018-08-26,23.39
969,2018-08-27,23.3
970,2018-08-28,23.25
971,2018-08-29,24.13
972,2018-08-30,24.21
973,2018-08-31,24.21
974,2018-01-09,23.5
975,2018-02-09,23.82
976,2018-03-09,23.97
977,2018-04-09,23.81
978,2018-05-09,23.81
979,2018-06-09,23.87
980,2018-07-09,23.9
981,2018-08-09,23.95
982,2018-09-09,24.01
983,2018-10-09,24.07
984,2018-11-09,24.14
985,2018-12-09,24.08
986,2018-09-13,23.57
987,2018-09-14,23.89
988,2018-09-15,24.67
989,2018-09-16,24.19
990,2018-09-17,24.06
991,2018-09-18,23.89
992,2018-09-19,23.73
993,2018-09-20,23.92
994,2018-09-21,24.44
995,2018-09-22,24.85
996,2018-09-23,24.62
997,2018-09-24,24.18
998,2018-09-25,23.78
999,2018-09-26,23.6
1000,2018-09-27,23.59
1001,2018-09-28,23.86
1002,2018-09-29,25.84
1003,2018-09-30,25.2
1004,2018-01-10,24.07
1005,2018-02-10,23.71
1006,2018-03-10,23.73
1007,2018-04-10,24.33
1008,2018-05-10,24.49
1009,2018-06-10,24.35
1010,2018-07-10,24.39
1011,2018-08-10,24.34
1012,2018-09-10,24.09
1013,2018-10-10,24.28
1014,2018-11-10,24.35
1015,2018-12-10,24.21
1016,2018-10-13,24.28
1017,2018-10-14,24.09
1018,2018-10-15,24.99
1019,2018-10-16,26.11
1020,2018-10-17,25.38
1021,2018-10-18,25.16
1022,2018-10-19,25.34
1023,2018-10-20,25.79
1024,2018-10-21,26.02
1025,2018-10-22,25.28
1026,2018-10-23,24.61
1027,2018-10-24,24.86
1028,2018-10-25,25.43
1029,2018-10-26,25.39
1030,2018-10-27,25.43
1031,2018-10-28,25.94
1032,2018-10-29,25.11
1033,2018-10-30,25.12
1034,2018-10-31,25.12
1035,2018-01-11,25.05
1036,2018-02-11,24.89
1037,2018-03-11,24.91
1038,2018-04-11,25.44
1039,2018-05-11,25.69
1040,2018-06-11,25.51
1041,2018-07-11,25.51
1042,2018-08-11,25.46
1043,2018-09-11,25.51
1044,2018-10-11,26.21
1045,2018-11-11,26.32
1046,2018-12-11,26.26
1047,2018-11-13,26.24
1048,2018-11-14,25.95
1049,2018-11-15,25.81
1050,2018-11-16,25.67
1051,2018-11-17,25.7
1052,2018-11-18,25.5
1053,2018-11-19,25.34
1054,2018-11-20,25.5
1055,2018-11-21,25.53
1056,2018-11-22,25.17
1057,2018-11-23,24.93
1058,2018-11-24,24.76
1059,2018-11-25,24.61
1060,2018-11-26,24.6
1061,2018-11-27,24.85
1062,2018-11-28,25.12
1063,2018-11-29,25.78
1064,2018-11-30,25.06
1065,2018-01-12,25.03
1066,2018-02-12,24.83
1067,2018-03-12,24.93
1068,2018-04-12,24.83
1069,2018-05-12,25.03
1070,2018-06-12,25.04
1071,2018-07-12,24.97
1072,2018-08-12,25.52
1073,2018-09-12,25.89
1074,2018-10-12,25.8
1075,2018-11-12,25.62
1076,2018-12-12,25.76
1077,2018-12-13,25.63
1078,2018-12-14,26.21
1079,2018-12-15,27.18
1080,2018-12-16,26.68
1081,2018-12-17,25.98
1082,2018-12-18,25.65
1083,2018-12-19,25.46
1084,2018-12-20,25.54
1085,2018-12-21,26.96
1086,2018-12-22,26.73
1087,2018-12-23,25.61
1088,2018-12-24,25.04
1089,2018-12-25,24.98
1090,2018-12-26,25.81
1091,2018-12-27,25.9
1092,2018-12-28,26.27
1093,2018-12-29,26.27
1094,2018-12-30,26.27
1095,2018-12-31,26.27
1096,2019-01-01,24.77
1097,2019-02-01,24.97
1098,2019-03-01,24.79
1099,2019-04-01,24.49
1100,2019-05-01,24.34
1101,2019-06-01,24.24
1102,2019-07-01,24.17
1103,2019-08-01,24.19
1104,2019-09-01,24.3
1105,2019-10-01,24.28
1106,2019-11-01,24.51
1107,2019-12-01,24.71
1108,2019-01-13,24.42
1109,2019-01-14,24.26
1110,2019-01-15,24.21
1111,2019-01-16,24.08
1112,2019-01-17,23.97
1113,2019-01-18,23.93
1114,2019-01-19,23.98
1115,2019-01-20,24.03
1116,2019-01-21,23.91
1117,2019-01-22,23.84
1118,2019-01-23,23.77
1119,2019-01-24,23.72
1120,2019-01-25,23.69
1121,2019-01-26,23.66
1122,2019-01-27,23.61
1123,2019-01-28,23.56
1124,2019-01-29,23.57
1125,2019-01-30,23.59
1126,2019-01-31,23.67
1127,2019-01-02,23.93
1128,2019-02-02,23.89
1129,2019-03-02,23.92
1130,2019-04-02,23.91
1131,2019-05-02,23.84
1132,2019-06-02,23.71
1133,2019-07-02,23.49
1134,2019-08-02,23.4
1135,2019-09-02,23.35
1136,2019-10-02,23.37
1137,2019-11-02,23.35
1138,2019-12-02,23.34
1139,2019-02-13,23.31
1140,2019-02-14,23.28
1141,2019-02-15,23.37
1142,2019-02-16,23.46
1143,2019-02-17,23.42
1144,2019-02-18,23.4
1145,2019-02-19,23.47
1146,2019-02-20,23.84
1147,2019-02-21,24.24
1148,2019-02-22,23.85
1149,2019-02-23,23.6
1150,2019-02-24,23.44
1151,2019-02-25,23.33
1152,2019-02-26,23.23
1153,2019-02-27,23.18
1154,2019-02-28,23.2
1155,2019-01-03,23.18
1156,2019-02-03,23.11
1157,2019-03-03,23.08
1158,2019-04-03,23.05
1159,2019-05-03,23.01
1160,2019-06-03,23.02
1161,2019-07-03,23.05
1162,2019-08-03,23.05
1163,2019-09-03,23.05
1164,2019-10-03,23.05
1165,2019-11-03,23.03
1166,2019-12-03,22.99
1167,2019-03-13,22.99
1168,2019-03-14,23.03
1169,2019-03-15,23.08
1170,2019-03-16,23.06
1171,2019-03-17,22.97
1172,2019-03-18,22.97
1173,2019-03-19,23.01
1174,2019-03-20,23.49
1175,2019-03-21,23.54
1176,2019-03-22,23.6
1177,2019-03-23,23.69
1178,2019-03-24,23.65
1179,2019-03-25,23.65
1180,2019-03-26,23.84
1181,2019-03-27,23.88
1182,2019-03-28,23.78
1183,2019-03-29,23.69
1184,2019-03-30,23.9
1185,2019-03-31,24.59
1186,2019-01-04,24.23
1187,2019-02-04,24.46
1188,2019-03-04,24.67
1189,2019-04-04,24.71
1190,2019-05-04,24.65
1191,2019-06-04,24.25
1192,2019-07-04,23.96
1193,2019-08-04,23.81
1194,2019-09-04,23.7
1195,2019-10-04,23.67
1196,2019-11-04,23.74
1197,2019-12-04,23.66
1198,2019-04-13,23.65
1199,2019-04-14,23.73
1200,2019-04-15,24.03
1201,2019-04-16,23.9
1202,2019-04-17,23.95
1203,2019-04-18,23.97
1204,2019-04-19,23.84
1205,2019-04-20,23.73
1206,2019-04-21,23.68
1207,2019-04-22,23.67
1208,2019-04-23,23.55
1209,2019-04-24,23.54
1210,2019-04-25,23.63
1211,2019-04-26,23.6
1212,2019-04-27,23.6
1213,2019-04-28,23.62
1214,2019-04-29,24.33
1215,2019-04-30,25.02
1216,2019-01-05,24.03
1217,2019-02-05,24.08
1218,2019-03-05,23.99
1219,2019-04-05,23.99
1220,2019-05-05,24.15
1221,2019-06-05,24.08
1222,2019-07-05,24.04
1223,2019-08-05,23.9
1224,2019-09-05,23.79
1225,2019-10-05,23.69
1226,2019-11-05,23.6
1227,2019-12-05,23.59
1228,2019-05-13,23.93
1229,2019-05-14,24.77
1230,2019-05-15,24.41
1231,2019-05-16,24.72
1232,2019-05-17,25.02
1233,2019-05-18,24.65
1234,2019-05-19,24.23
1235,2019-05-20,24.13
1236,2019-05-21,23.97
1237,2019-05-22,24.04
1238,2019-05-23,24.08
1239,2019-05-24,24.28
1240,2019-05-25,24.32
1241,2019-05-26,24.39
1242,2019-05-27,24.76
1243,2019-05-28,24.4
1244,2019-05-29,23.8
1245,2019-05-30,23.73
1246,2019-05-31,23.88
1247,2019-01-06,24.87
1248,2019-02-06,24.43
1249,2019-03-06,24.26
1250,2019-04-06,24.38
1251,2019-05-06,24.31
1252,2019-06-06,24.57
1253,2019-07-06,24.83
1254,2019-08-06,25.04
1255,2019-09-06,24.86
1256,2019-10-06,24.56
1257,2019-11-06,24.89
1258,2019-12-06,25.1
1259,2019-06-13,24.98
1260,2019-06-14,24.69
1261,2019-06-15,24.31
1262,2019-06-16,24.25
1263,2019-06-17,24.17
1264,2019-06-18,24.03
1265,2019-06-19,24.02
1266,2019-06-20,24.14
1267,2019-06-21,24.1
1268,2019-06-22,24.41
1269,2019-06-23,24.5
1270,2019-06-24,24.15
1271,2019-06-25,24.06
1272,2019-06-26,23.96
1273,2019-06-27,23.87
1274,2019-06-28,23.88
1275,2019-06-29,24.08
1276,2019-06-30,24.07
1277,2019-01-07,23.71
1278,2019-02-07,23.68
1279,2019-03-07,23.67
1280,2019-04-07,23.66
1281,2019-05-07,23.62
1282,2019-06-07,23.59
1283,2019-07-07,23.58
1284,2019-08-07,23.74
1285,2019-09-07,23.77
1286,2019-10-07,23.84
1287,2019-11-07,23.97
1288,2019-12-07,23.9
1289,2019-07-13,23.75
1290,2019-07-14,23.68
1291,2019-07-15,23.97
1292,2019-07-16,23.9
1293,2019-07-17,23.79
1294,2019-07-18,23.83
1295,2019-07-19,23.92
1296,2019-07-20,23.96
1297,2019-07-21,23.82
1298,2019-07-22,23.68
1299,2019-07-23,23.56
1300,2019-07-24,23.61
1301,2019-07-25,24.01
1302,2019-07-26,24.16
1303,2019-07-27,24.29
1304,2019-07-28,24.04
1305,2019-07-29,23.89
1306,2019-07-30,23.77
1307,2019-07-31,24.88
1308,2019-01-08,23.68
1309,2019-02-08,23.6
1310,2019-03-08,23.63
1311,2019-04-08,23.64
1312,2019-05-08,23.62
1313,2019-06-08,23.54
1314,2019-07-08,23.52
1315,2019-08-08,23.44
1316,2019-09-08,23.41
1317,2019-10-08,23.43
1318,2019-11-08,23.37
1319,2019-12-08,23.4
1320,2019-08-13,23.4
1321,2019-08-14,23.38
1322,2019-08-15,23.48
1323,2019-08-16,23.94
1324,2019-08-17,24.34
1325,2019-08-18,24.06
1326,2019-08-19,23.94
1327,2019-08-20,23.85
1328,2019-08-21,23.74
1329,2019-08-22,23.69
1330,2019-08-23,23.99
1331,2019-08-24,23.95
1332,2019-08-25,24.27
1333,2019-08-26,24.63
1334,2019-08-27,24.26
1335,2019-08-28,24.07
1336,2019-08-29,24.36
1337,2019-08-30,24.32
1338,2019-08-31,23.86
1339,2019-01-09,23.72
1340,2019-02-09,23.58
1341,2019-03-09,23.53
1342,2019-04-09,23.6
1343,2019-05-09,23.7
1344,2019-06-09,23.63
1345,2019-07-09,23.57
1346,2019-08-09,24.04
1347,2019-09-09,24.8
1348,2019-10-09,24.73
1349,2019-11-09,24.22
1350,2019-12-09,23.93
1351,2019-09-13,23.76
1352,2019-09-14,23.84
1353,2019-09-15,23.74
1354,2019-09-16,23.73
1355,2019-09-17,23.66
1356,2019-09-18,23.57
1357,2019-09-19,23.63
1358,2019-09-20,24.06
1359,2019-09-21,25.05
1360,2019-09-22,24.37
1361,2019-09-23,23.84
1362,2019-09-24,23.65
1363,2019-09-25,23.64
1364,2019-09-26,23.79
1365,2019-09-27,24.16
1366,2019-09-28,25.16
1367,2019-09-29,25.82
1368,2019-09-30,25.82
1369,2019-01-10,24.15
1370,2019-02-10,24.03
1371,2019-03-10,24.2
1372,2019-04-10,24.4
1373,2019-05-10,24.47
1374,2019-06-10,24.48
1375,2019-07-10,24.93
1376,2019-08-10,24.93
1377,2019-09-10,24.56
1378,2019-10-10,24.73
1379,2019-11-10,24.92
1380,2019-12-10,25.44
1381,2019-10-13,25.46
1382,2019-10-14,25.56
1383,2019-10-15,26.34
1384,2019-10-16,26.17
1385,2019-10-17,25.57
1386,2019-10-18,25.16
1387,2019-10-19,25.06
1388,2019-10-20,25.81
1389,2019-10-21,26.19
1390,2019-10-22,25.77
1391,2019-10-23,25.38
1392,2019-10-24,25.18
1393,2019-10-25,25.48
1394,2019-10-26,25.82
1395,2019-10-27,25.5
1396,2019-10-28,25.24
1397,2019-10-29,25.97
1398,2019-10-30,27.55
1399,2019-10-31,27.55
1400,2019-01-11,26.07
1401,2019-02-11,25.99
1402,2019-03-11,26.44
1403,2019-04-11,26.71
1404,2019-05-11,27.66
1405,2019-06-11,28.16
1406,2019-07-11,27.17
1407,2019-08-11,26.91
1408,2019-09-11,26.92
1409,2019-10-11,26.56
1410,2019-11-11,25.83
1411,2019-12-11,26.0
1412,2019-11-13,25.88
1413,2019-11-14,25.51
1414,2019-11-15,25.38
1415,2019-11-16,25.59
1416,2019-11-17,25.97
1417,2019-11-18,26.02
1418,2019-11-19,26.0
1419,2019-11-20,26.68
1420,2019-11-21,26.86
1421,2019-11-22,25.95
1422,2019-11-23,25.41
1423,2019-11-24,25.58
1424,2019-11-25,25.79
1425,2019-11-26,25.46
1426,2019-11-27,25.27
1427,2019-11-28,25.27
1428,2019-11-29,25.07
1429,2019-11-30,24.98
1430,2019-01-12,28.61
1431,2019-02-12,28.07
1432,2019-03-12,27.31
1433,2019-04-12,27.19
1434,2019-05-12,26.67
1435,2019-06-12,25.99
1436,2019-07-12,25.62
1437,2019-08-12,25.41
1438,2019-09-12,25.34
1439,2019-10-12,25.41
1440,2019-11-12,25.43
1441,2019-12-12,25.26
1442,2019-12-13,25.19
1443,2019-12-14,25.13
1444,2019-12-15,25.26
1445,2019-12-16,26.25
1446,2019-12-17,28.67
1447,2019-12-18,30.04
1448,2019-12-19,29.2
1449,2019-12-20,28.15
1450,2019-12-21,27.39
1451,2019-12-22,26.97
1452,2019-12-23,26.35
1453,2019-12-24,25.84
1454,2019-12-25,25.82
1455,2019-12-26,25.78
1456,2019-12-27,25.43
1457,2019-12-28,25.19
1458,2019-12-29,25.19
1459,2019-12-30,25.19
1460,2019-12-31,25.19
1461,2020-01-01,24.82
1462,2020-02-01,24.77
1463,2020-03-01,24.71
1464,2020-04-01,24.77
1465,2020-05-01,24.79
1466,2020-06-01,24.74
1467,2020-07-01,24.64
1468,2020-08-01,24.53
1469,2020-09-01,24.13
1470,2020-10-01,23.97
1471,2020-11-01,23.96
1472,2020-12-01,23.92
1473,2020-01-13,23.85
1474,2020-01-14,23.82
1475,2020-01-15,23.78
1476,2020-01-16,23.74
1477,2020-01-17,23.7
1478,2020-01-18,23.67
1479,2020-01-19,23.67
1480,2020-01-20,23.68
1481,2020-01-21,23.73
1482,2020-01-22,23.84
1483,2020-01-23,23.78
1484,2020-01-24,23.7
1485,2020-01-25,23.66
1486,2020-01-26,23.61
1487,2020-01-27,23.56
1488,2020-01-28,23.51
1489,2020-01-29,23.89
1490,2020-01-30,24.87
1491,2020-01-31,25.18
1492,2020-01-02,24.64
1493,2020-02-02,24.21
1494,2020-03-02,24.27
1495,2020-04-02,24.15
1496,2020-05-02,23.89
1497,2020-06-02,23.71
1498,2020-07-02,23.63
1499,2020-08-02,23.58
1500,2020-09-02,23.53
1501,2020-10-02,23.49
1502,2020-11-02,23.52
1503,2020-12-02,24.04
1504,2020-02-13,24.49
1505,2020-02-14,24.37
1506,2020-02-15,24.36
1507,2020-02-16,24.75
1508,2020-02-17,24.46
1509,2020-02-18,23.99
1510,2020-02-19,23.99
1511,2020-02-20,24.32
1512,2020-02-21,24.25
1513,2020-02-22,23.9
1514,2020-02-23,23.74
1515,2020-02-24,23.81
1516,2020-02-25,23.88
1517,2020-02-26,23.94
1518,2020-02-27,23.82
1519,2020-02-28,23.67
1520,2020-02-29,23.57
1521,2020-01-03,23.5
1522,2020-02-03,23.45
1523,2020-03-03,23.39
1524,2020-04-03,23.35
1525,2020-05-03,23.34
1526,2020-06-03,23.38
1527,2020-07-03,23.71
1528,2020-08-03,23.99
1529,2020-09-03,24.14
1530,2020-10-03,23.97
1531,2020-11-03,23.62
1532,2020-12-03,23.62
1533,2020-03-13,23.57
1534,2020-03-14,23.48
1535,2020-03-15,23.35
1536,2020-03-16,23.33
1537,2020-03-17,23.34
1538,2020-03-18,23.35
1539,2020-03-19,23.3
1540,2020-03-20,23.28
1541,2020-03-21,23.34
1542,2020-03-22,23.31
1543,2020-03-23,23.33
1544,2020-03-24,24.08
1545,2020-03-25,24.6
1546,2020-03-26,24.08
1547,2020-03-27,23.77
1548,2020-03-28,23.55
1549,2020-03-29,23.39
1550,2020-03-30,24.14
1551,2020-03-31,25.82
1552,2020-01-04,23.22
1553,2020-02-04,23.19
1554,2020-03-04,23.23
1555,2020-04-04,23.59
1556,2020-05-04,23.72
1557,2020-06-04,23.72
1558,2020-07-04,23.82
1559,2020-08-04,23.97
1560,2020-09-04,23.71
1561,2020-10-04,23.55
1562,2020-11-04,23.39
1563,2020-12-04,23.3
1564,2020-04-13,23.27
1565,2020-04-14,23.53
1566,2020-04-15,23.63
1567,2020-04-16,23.47
1568,2020-04-17,23.32
1569,2020-04-18,23.22
1570,2020-04-19,23.19
1571,2020-04-20,23.19
1572,2020-04-21,23.2
1573,2020-04-22,23.18
1574,2020-04-23,23.18
1575,2020-04-24,23.39
1576,2020-04-25,23.8
1577,2020-04-26,23.93
1578,2020-04-27,23.94
1579,2020-04-28,24.16
1580,2020-04-29,24.19
1581,2020-04-30,25.12
1582,2020-01-05,24.15
1583,2020-02-05,24.91
1584,2020-03-05,25.21
1585,2020-04-05,25.5
1586,2020-05-05,24.97
1587,2020-06-05,24.39
1588,2020-07-05,24.73
1589,2020-08-05,25.57
1590,2020-09-05,26.23
1591,2020-10-05,25.25
1592,2020-11-05,24.71
1593,2020-12-05,24.46
1594,2020-05-13,25.1
1595,2020-05-14,27.23
1596,2020-05-15,27.52
1597,2020-05-16,25.74
1598,2020-05-17,25.16
1599,2020-05-18,26.74
1600,2020-05-19,27.44
1601,2020-05-20,26.39
1602,2020-05-21,26.15
1603,2020-05-22,26.28
1604,2020-05-23,26.02
1605,2020-05-24,25.33
1606,2020-05-25,24.74
1607,2020-05-26,24.56
1608,2020-05-27,24.59
1609,2020-05-28,24.68
1610,2020-05-29,24.53
1611,2020-05-30,24.3
1612,2020-05-31,23.72
1613,2020-01-06,25.41
1614,2020-02-06,24.91
1615,2020-03-06,24.51
1616,2020-04-06,24.47
1617,2020-05-06,25.16
1618,2020-06-06,25.41
1619,2020-07-06,24.71
1620,2020-08-06,24.29
1621,2020-09-06,24.12
1622,2020-10-06,24.23
1623,2020-11-06,24.51
1624,2020-12-06,24.5
1625,2020-06-13,24.63
1626,2020-06-14,26.14
1627,2020-06-15,25.67
1628,2020-06-16,24.72
1629,2020-06-17,24.49
1630,2020-06-18,24.59
1631,2020-06-19,24.88
1632,2020-06-20,25.16
1633,2020-06-21,25.11
1634,2020-06-22,24.89
1635,2020-06-23,24.65
1636,2020-06-24,24.71
1637,2020-06-25,25.74
1638,2020-06-26,26.52
1639,2020-06-27,26.09
1640,2020-06-28,25.03
1641,2020-06-29,24.53
1642,2020-06-30,24.53
1643,2020-01-07,24.22
1644,2020-02-07,24.17
1645,2020-03-07,24.28
1646,2020-04-07,24.27
1647,2020-05-07,24.37
1648,2020-06-07,24.6
1649,2020-07-07,24.58
1650,2020-08-07,25.36
1651,2020-09-07,25.48
1652,2020-10-07,25.37
1653,2020-11-07,25.14
1654,2020-12-07,24.76
1655,2020-07-13,24.77
1656,2020-07-14,25.42
1657,2020-07-15,25.6
1658,2020-07-16,25.38
1659,2020-07-17,24.78
1660,2020-07-18,25.09
1661,2020-07-19,25.68
1662,2020-07-20,25.94
1663,2020-07-21,25.56
1664,2020-07-22,25.05
1665,2020-07-23,25.14
1666,2020-07-24,25.6
1667,2020-07-25,25.8
1668,2020-07-26,25.5
1669,2020-07-27,25.08
1670,2020-07-28,24.81
1671,2020-07-29,24.8
1672,2020-07-30,23.74
1673,2020-07-31,23.74
1674,2020-01-08,24.06
1675,2020-02-08,24.06
1676,2020-03-08,24.06
1677,2020-04-08,24.06
1678,2020-05-08,24.06
1679,2020-06-08,24.06
1680,2020-07-08,24.01
1681,2020-08-08,23.93
1682,2020-09-08,23.88
1683,2020-10-08,23.84
1684,2020-11-08,23.77
1685,2020-12-08,23.77
1686,2020-08-13,23.84
1687,2020-08-14,23.92
1688,2020-08-15,24.0
1689,2020-08-16,24.08
1690,2020-08-17,24.16
1691,2020-08-18,24.34
1692,2020-08-19,24.66
1693,2020-08-20,24.75
1694,2020-08-21,24.68
1695,2020-08-22,24.61
1696,2020-08-23,24.71
1697,2020-08-24,24.88
1698,2020-08-25,24.27
1699,2020-08-26,24.01
1700,2020-08-27,23.85
1701,2020-08-28,23.74
1702,2020-08-29,23.66
1703,2020-08-30,24.21
1704,2020-08-31,24.21
1705,2020-01-09,23.73
1706,2020-02-09,23.62
1707,2020-03-09,23.75
1708,2020-04-09,23.84
1709,2020-05-09,23.88
1710,2020-06-09,24.0
1711,2020-07-09,24.04
1712,2020-08-09,23.96
1713,2020-09-09,23.87
1714,2020-10-09,24.19
1715,2020-11-09,24.55
1716,2020-12-09,24.68
1717,2020-09-13,25.36
1718,2020-09-14,25.49
1719,2020-09-15,25.18
1720,2020-09-16,24.82
1721,2020-09-17,24.53
1722,2020-09-18,24.16
1723,2020-09-19,23.96
1724,2020-09-20,23.87
1725,2020-09-21,23.85
1726,2020-09-22,24.01
1727,2020-09-23,24.25
1728,2020-09-24,25.52
1729,2020-09-25,25.87
1730,2020-09-26,24.95
1731,2020-09-27,24.82
1732,2020-09-28,25.0
1733,2020-09-29,24.61
1734,2020-09-30,24.08
1735,2020-01-10,24.08
1736,2020-02-10,24.71
1737,2020-03-10,25.53
1738,2020-04-10,25.45
1739,2020-05-10,24.75
1740,2020-06-10,24.32
1741,2020-07-10,24.28
1742,2020-08-10,24.58
1743,2020-09-10,25.08
1744,2020-10-10,24.58
1745,2020-11-10,24.16
1746,2020-12-10,23.98
1747,2020-10-13,23.84
1748,2020-10-14,24.0
1749,2020-10-15,24.43
1750,2020-10-16,24.27
1751,2020-10-17,23.98
1752,2020-10-18,23.81
1753,2020-10-19,23.74
1754,2020-10-20,23.8
1755,2020-10-21,24.41
1756,2020-10-22,25.45
1757,2020-10-23,25.41
1758,2020-10-24,24.69
1759,2020-10-25,25.1
1760,2020-10-26,25.06
1761,2020-10-27,25.0
1762,2020-10-28,25.01
1763,2020-10-29,24.36
1764,2020-10-30,27.97
1765,2020-10-31,27.97
1766,2020-01-11,25.29
1767,2020-02-11,26.13
1768,2020-03-11,26.14
1769,2020-04-11,25.85
1770,2020-05-11,25.84
1771,2020-06-11,25.65
1772,2020-07-11,25.66
1773,2020-08-11,26.24
1774,2020-09-11,26.69
1775,2020-10-11,26.28
1776,2020-11-11,26.29
1777,2020-12-11,26.24
1778,2020-11-13,26.53
1779,2020-11-14,26.25
1780,2020-11-15,25.81
1781,2020-11-16,25.72
1782,2020-11-17,25.23
1783,2020-11-18,25.03
1784,2020-11-19,25.29
1785,2020-11-20,25.73
1786,2020-11-21,25.74
1787,2020-11-22,25.73
1788,2020-11-23,26.65
1789,2020-11-24,27.12
1790,2020-11-25,27.67
1791,2020-11-26,27.6
1792,2020-11-27,26.62
1793,2020-11-28,26.63
1794,2020-11-29,27.93
1795,2020-11-30,27.93
1796,2020-01-12,27.54
1797,2020-02-12,27.77
1798,2020-03-12,27.42
1799,2020-04-12,26.64
1800,2020-05-12,26.48
1801,2020-06-12,26.72
