,Date,Sg. Besut Jerteh (m)
0,2016-01-01,2.16
1,2016-02-01,0.79
2,2016-03-01,0.82
3,2016-04-01,0.56
4,2016-05-01,0.47
5,2016-06-01,0.48
6,2016-07-01,0.3
7,2016-08-01,0.32
8,2016-09-01,0.28
9,2016-10-01,0.26
10,2016-11-01,0.3
11,2016-12-01,0.73
12,2016-01-13,0.92
13,2016-01-14,0.92
14,2016-01-15,0.93
15,2016-01-16,0.92
16,2016-01-17,0.99
17,2016-01-18,0.78
18,2016-01-19,0.82
19,2016-01-20,0.84
20,2016-01-21,0.64
21,2016-01-22,2.18
22,2016-01-23,0.79
23,2016-01-24,1.13
24,2016-01-25,1.22
25,2016-01-26,2.0
26,2016-01-27,3.4
27,2016-01-28,3.2
28,2016-01-29,1.74
29,2016-01-30,1.4
30,2016-01-31,1.32
31,2016-01-02,1.2
32,2016-02-02,1.09
33,2016-03-02,1.34
34,2016-04-02,2.1
35,2016-05-02,2.13
36,2016-06-02,2.67
37,2016-07-02,2.02
38,2016-08-02,1.81
39,2016-09-02,1.6
40,2016-10-02,1.41
41,2016-11-02,1.3
42,2016-12-02,1.21
43,2016-02-13,1.31
44,2016-02-14,1.24
45,2016-02-15,0.93
46,2016-02-16,1.09
47,2016-02-17,1.03
48,2016-02-18,1.01
49,2016-02-19,1.04
50,2016-02-20,1.01
51,2016-02-21,0.95
52,2016-02-22,0.67
53,2016-02-23,0.78
54,2016-02-24,0.83
55,2016-02-25,0.87
56,2016-02-26,0.74
57,2016-02-27,1.15
58,2016-02-28,1.43
59,2016-02-29,1.05
60,2016-01-03,0.8
61,2016-02-03,0.69
62,2016-03-03,0.85
63,2016-04-03,0.73
64,2016-05-03,0.69
65,2016-06-03,0.68
66,2016-07-03,0.69
67,2016-08-03,0.66
68,2016-09-03,0.61
69,2016-10-03,0.48
70,2016-11-03,0.61
71,2016-12-03,0.62
72,2016-03-13,0.45
73,2016-03-14,0.54
74,2016-03-15,0.63
75,2016-03-16,0.5
76,2016-03-17,0.41
77,2016-03-18,0.53
78,2016-03-19,0.54
79,2016-03-20,0.41
80,2016-03-21,0.4
81,2016-03-22,0.37
82,2016-03-23,0.43
83,2016-03-24,0.4
84,2016-03-25,0.38
85,2016-03-26,0.47
86,2016-03-27,0.51
87,2016-03-28,0.67
88,2016-03-29,0.69
89,2016-03-30,0.38
90,2016-03-31,0.92
91,2016-01-04,0.45
92,2016-02-04,0.45
93,2016-03-04,0.43
94,2016-04-04,0.4
95,2016-05-04,0.39
96,2016-06-04,0.38
97,2016-07-04,0.37
98,2016-08-04,0.37
99,2016-09-04,0.39
100,2016-10-04,0.4
101,2016-11-04,0.4
102,2016-12-04,0.41
103,2016-04-13,0.4
104,2016-04-14,0.39
105,2016-04-15,0.38
106,2016-04-16,0.37
107,2016-04-17,0.37
108,2016-04-18,0.3
109,2016-04-19,0.3
110,2016-04-20,0.34
111,2016-04-21,0.3
112,2016-04-22,0.29
113,2016-04-23,0.32
114,2016-04-24,0.34
115,2016-04-25,0.34
116,2016-04-26,0.33
117,2016-04-27,0.38
118,2016-04-28,0.38
119,2016-04-29,0.39
120,2016-04-30,0.88
121,2016-01-05,0.35
122,2016-02-05,0.33
123,2016-03-05,0.32
124,2016-04-05,0.31
125,2016-05-05,0.32
126,2016-06-05,0.33
127,2016-07-05,0.37
128,2016-08-05,0.41
129,2016-09-05,0.39
130,2016-10-05,0.41
131,2016-11-05,0.41
132,2016-12-05,0.4
133,2016-05-13,0.39
134,2016-05-14,0.38
135,2016-05-15,0.35
136,2016-05-16,0.34
137,2016-05-17,0.34
138,2016-05-18,0.34
139,2016-05-19,0.33
140,2016-05-20,0.33
141,2016-05-21,0.34
142,2016-05-22,0.32
143,2016-05-23,0.36
144,2016-05-24,0.47
145,2016-05-25,0.46
146,2016-05-26,0.39
147,2016-05-27,0.35
148,2016-05-28,0.32
149,2016-05-29,0.57
150,2016-05-30,0.32
151,2016-05-31,0.34
152,2016-01-06,0.64
153,2016-02-06,0.4
154,2016-03-06,0.45
155,2016-04-06,0.72
156,2016-05-06,0.55
157,2016-06-06,0.41
158,2016-07-06,0.43
159,2016-08-06,0.43
160,2016-09-06,0.53
161,2016-10-06,0.55
162,2016-11-06,0.42
163,2016-12-06,0.35
164,2016-06-13,0.33
165,2016-06-14,0.33
166,2016-06-15,0.39
167,2016-06-16,0.35
168,2016-06-17,0.55
169,2016-06-18,0.98
170,2016-06-19,0.4
171,2016-06-20,0.39
172,2016-06-21,0.51
173,2016-06-22,0.44
174,2016-06-23,0.4
175,2016-06-24,0.53
176,2016-06-25,0.45
177,2016-06-26,0.46
178,2016-06-27,0.37
179,2016-06-28,0.37
180,2016-06-29,0.34
181,2016-06-30,0.39
182,2016-01-07,0.33
183,2016-02-07,0.37
184,2016-03-07,0.38
185,2016-04-07,0.4
186,2016-05-07,0.41
187,2016-06-07,0.49
188,2016-07-07,0.44
189,2016-08-07,0.41
190,2016-09-07,0.36
191,2016-10-07,0.37
192,2016-11-07,0.32
193,2016-12-07,0.31
194,2016-07-13,0.29
195,2016-07-14,0.34
196,2016-07-15,0.34
197,2016-07-16,0.34
198,2016-07-17,0.34
199,2016-07-18,0.37
200,2016-07-19,0.72
201,2016-07-20,0.61
202,2016-07-21,0.43
203,2016-07-22,0.42
204,2016-07-23,0.43
205,2016-07-24,0.5
206,2016-07-25,0.55
207,2016-07-26,0.64
208,2016-07-27,1.13
209,2016-07-28,0.76
210,2016-07-29,0.64
211,2016-07-30,0.35
212,2016-07-31,6.09
213,2016-01-08,0.38
214,2016-02-08,0.39
215,2016-03-08,0.38
216,2016-04-08,0.41
217,2016-05-08,0.38
218,2016-06-08,0.39
219,2016-07-08,0.35
220,2016-08-08,0.33
221,2016-09-08,0.25
222,2016-10-08,0.22
223,2016-11-08,0.27
224,2016-12-08,0.86
225,2016-08-13,0.91
226,2016-08-14,0.66
227,2016-08-15,0.32
228,2016-08-16,0.3
229,2016-08-17,0.3
230,2016-08-18,0.3
231,2016-08-19,0.3
232,2016-08-20,0.31
233,2016-08-21,0.31
234,2016-08-22,0.27
235,2016-08-23,0.26
236,2016-08-24,0.32
237,2016-08-25,0.34
238,2016-08-26,0.32
239,2016-08-27,0.34
240,2016-08-28,0.38
241,2016-08-29,0.35
242,2016-08-30,0.3
243,2016-08-31,0.3
244,2016-01-09,0.31
245,2016-02-09,0.32
246,2016-03-09,0.29
247,2016-04-09,0.28
248,2016-05-09,0.26
249,2016-06-09,0.24
250,2016-07-09,0.27
251,2016-08-09,0.24
252,2016-09-09,0.27
253,2016-10-09,0.36
254,2016-11-09,0.26
255,2016-12-09,0.27
256,2016-09-13,0.29
257,2016-09-14,0.31
258,2016-09-15,0.31
259,2016-09-16,0.32
260,2016-09-17,0.42
261,2016-09-18,0.4
262,2016-09-19,0.41
263,2016-09-20,0.63
264,2016-09-21,0.59
265,2016-09-22,0.51
266,2016-09-23,0.46
267,2016-09-24,0.43
268,2016-09-25,0.36
269,2016-09-26,0.35
270,2016-09-27,0.34
271,2016-09-28,0.32
272,2016-09-29,0.31
273,2016-09-30,0.53
274,2016-01-10,0.3
275,2016-02-10,0.29
276,2016-03-10,0.31
277,2016-04-10,0.33
278,2016-05-10,0.32
279,2016-06-10,0.29
280,2016-07-10,0.39
281,2016-08-10,0.56
282,2016-09-10,0.84
283,2016-10-10,0.37
284,2016-11-10,0.34
285,2016-12-10,0.32
286,2016-10-13,0.33
287,2016-10-14,0.37
288,2016-10-15,0.38
289,2016-10-16,0.39
290,2016-10-17,0.39
291,2016-10-18,0.39
292,2016-10-19,0.48
293,2016-10-20,0.67
294,2016-10-21,0.63
295,2016-10-22,0.82
296,2016-10-23,0.64
297,2016-10-24,0.5
298,2016-10-25,0.36
299,2016-10-26,0.31
300,2016-10-27,0.3
301,2016-10-28,0.45
302,2016-10-29,0.51
303,2016-10-30,1.58
304,2016-10-31,1.58
305,2016-01-11,1.12
306,2016-02-11,0.92
307,2016-03-11,1.04
308,2016-04-11,0.74
309,2016-05-11,0.72
310,2016-06-11,0.71
311,2016-07-11,0.83
312,2016-08-11,1.19
313,2016-09-11,1.2
314,2016-10-11,0.9
315,2016-11-11,0.95
316,2016-12-11,1.0
317,2016-11-13,0.93
318,2016-11-14,0.95
319,2016-11-15,0.87
320,2016-11-16,1.29
321,2016-11-17,1.46
322,2016-11-18,1.24
323,2016-11-19,1.01
324,2016-11-20,1.06
325,2016-11-21,1.16
326,2016-11-22,1.15
327,2016-11-23,0.58
328,2016-11-24,0.41
329,2016-11-25,0.44
330,2016-11-26,0.55
331,2016-11-27,0.73
332,2016-11-28,0.88
333,2016-11-29,2.14
334,2016-11-30,1.54
335,2016-01-12,2.47
336,2016-02-12,3.3
337,2016-03-12,2.33
338,2016-04-12,1.59
339,2016-05-12,1.37
340,2016-06-12,1.21
341,2016-07-12,1.19
342,2016-08-12,1.2
343,2016-09-12,1.13
344,2016-10-12,1.12
345,2016-11-12,1.12
346,2016-12-12,1.08
347,2016-12-13,0.74
348,2016-12-14,0.7
349,2016-12-15,0.91
350,2016-12-16,0.81
351,2016-12-17,0.81
352,2016-12-18,0.74
353,2016-12-19,2.55
354,2016-12-20,3.72
355,2016-12-21,1.08
356,2016-12-22,0.67
357,2016-12-23,2.05
358,2016-12-24,2.74
359,2016-12-25,1.32
360,2016-12-26,1.82
361,2016-12-27,1.34
362,2016-12-28,1.39
363,2016-12-29,1.14
364,2016-12-30,1.14
365,2016-12-31,1.14
366,2017-01-01,6.07
367,2017-02-01,6.34
368,2017-03-01,8.8
369,2017-04-01,7.33
370,2017-05-01,3.35
371,2017-06-01,2.8
372,2017-07-01,2.46
373,2017-08-01,2.01
374,2017-09-01,0.94
375,2017-10-01,1.71
376,2017-11-01,1.3
377,2017-12-01,0.93
378,2017-01-13,0.96
379,2017-01-14,0.89
380,2017-01-15,0.86
381,2017-01-16,0.74
382,2017-01-17,1.05
383,2017-01-18,0.94
384,2017-01-19,2.81
385,2017-01-20,5.66
386,2017-01-21,6.12
387,2017-01-22,5.04
388,2017-01-23,3.85
389,2017-01-24,4.09
390,2017-01-25,5.31
391,2017-01-26,4.36
392,2017-01-27,4.98
393,2017-01-28,3.44
394,2017-01-29,1.89
395,2017-01-30,2.19
396,2017-01-31,1.82
397,2017-01-02,1.57
398,2017-02-02,1.61
399,2017-03-02,1.73
400,2017-04-02,1.58
401,2017-05-02,1.34
402,2017-06-02,1.44
403,2017-07-02,1.18
404,2017-08-02,1.23
405,2017-09-02,1.12
406,2017-10-02,1.06
407,2017-11-02,1.35
408,2017-12-02,1.02
409,2017-02-13,1.33
410,2017-02-14,1.06
411,2017-02-15,1.42
412,2017-02-16,1.08
413,2017-02-17,1.08
414,2017-02-18,1.66
415,2017-02-19,1.68
416,2017-02-20,0.98
417,2017-02-21,1.07
418,2017-02-22,0.91
419,2017-02-23,0.85
420,2017-02-24,0.86
421,2017-02-25,0.89
422,2017-02-26,1.11
423,2017-02-27,1.94
424,2017-02-28,1.47
425,2017-01-03,1.99
426,2017-02-03,1.88
427,2017-03-03,1.73
428,2017-04-03,1.19
429,2017-05-03,1.15
430,2017-06-03,1.1
431,2017-07-03,0.85
432,2017-08-03,0.99
433,2017-09-03,0.81
434,2017-10-03,0.85
435,2017-11-03,0.78
436,2017-12-03,0.8
437,2017-03-13,0.64
438,2017-03-14,0.74
439,2017-03-15,0.61
440,2017-03-16,0.59
441,2017-03-17,0.63
442,2017-03-18,0.67
443,2017-03-19,0.52
444,2017-03-20,0.65
445,2017-03-21,0.55
446,2017-03-22,0.6
447,2017-03-23,0.57
448,2017-03-24,0.51
449,2017-03-25,0.53
450,2017-03-26,0.54
451,2017-03-27,0.6
452,2017-03-28,1.44
453,2017-03-29,0.56
454,2017-03-30,0.55
455,2017-03-31,0.67
456,2017-01-04,0.65
457,2017-02-04,0.8
458,2017-03-04,1.47
459,2017-04-04,0.98
460,2017-05-04,0.67
461,2017-06-04,0.76
462,2017-07-04,0.71
463,2017-08-04,0.9
464,2017-09-04,0.76
465,2017-10-04,1.01
466,2017-11-04,0.73
467,2017-12-04,1.0
468,2017-04-13,0.77
469,2017-04-14,0.75
470,2017-04-15,0.77
471,2017-04-16,0.58
472,2017-04-17,0.59
473,2017-04-18,0.67
474,2017-04-19,0.66
475,2017-04-20,0.58
476,2017-04-21,0.57
477,2017-04-22,0.48
478,2017-04-23,0.63
479,2017-04-24,0.49
480,2017-04-25,0.49
481,2017-04-26,0.51
482,2017-04-27,0.54
483,2017-04-28,0.55
484,2017-04-29,0.75
485,2017-04-30,0.92
486,2017-01-05,0.56
487,2017-02-05,0.55
488,2017-03-05,0.53
489,2017-04-05,0.5
490,2017-05-05,0.69
491,2017-06-05,0.46
492,2017-07-05,0.47
493,2017-08-05,0.45
494,2017-09-05,0.61
495,2017-10-05,0.94
496,2017-11-05,0.54
497,2017-12-05,0.5
498,2017-05-13,0.6
499,2017-05-14,0.64
500,2017-05-15,0.63
501,2017-05-16,0.6
502,2017-05-17,0.58
503,2017-05-18,0.62
504,2017-05-19,0.8
505,2017-05-20,0.86
506,2017-05-21,0.62
507,2017-05-22,0.59
508,2017-05-23,0.73
509,2017-05-24,0.67
510,2017-05-25,1.45
511,2017-05-26,0.61
512,2017-05-27,0.5
513,2017-05-28,0.51
514,2017-05-29,0.52
515,2017-05-30,0.56
516,2017-05-31,0.47
517,2017-01-06,0.6
518,2017-02-06,0.56
519,2017-03-06,0.55
520,2017-04-06,1.18
521,2017-05-06,0.48
522,2017-06-06,0.38
523,2017-07-06,1.1
524,2017-08-06,0.48
525,2017-09-06,0.47
526,2017-10-06,0.99
527,2017-11-06,0.84
528,2017-12-06,0.59
529,2017-06-13,0.58
530,2017-06-14,0.72
531,2017-06-15,0.52
532,2017-06-16,0.54
533,2017-06-17,0.52
534,2017-06-18,0.62
535,2017-06-19,0.76
536,2017-06-20,0.52
537,2017-06-21,0.63
538,2017-06-22,0.55
539,2017-06-23,0.47
540,2017-06-24,0.68
541,2017-06-25,0.68
542,2017-06-26,0.55
543,2017-06-27,0.55
544,2017-06-28,0.53
545,2017-06-29,0.53
546,2017-06-30,0.77
547,2017-01-07,0.44
548,2017-02-07,0.53
549,2017-03-07,0.42
550,2017-04-07,0.74
551,2017-05-07,1.03
552,2017-06-07,0.7
553,2017-07-07,0.57
554,2017-08-07,0.74
555,2017-09-07,0.75
556,2017-10-07,0.69
557,2017-11-07,0.54
558,2017-12-07,0.9
559,2017-07-13,0.83
560,2017-07-14,1.1
561,2017-07-15,0.52
562,2017-07-16,0.56
563,2017-07-17,0.51
564,2017-07-18,0.44
565,2017-07-19,0.48
566,2017-07-20,0.55
567,2017-07-21,0.5
568,2017-07-22,0.52
569,2017-07-23,0.72
570,2017-07-24,0.53
571,2017-07-25,0.58
572,2017-07-26,0.72
573,2017-07-27,0.53
574,2017-07-28,0.46
575,2017-07-29,0.65
576,2017-07-30,0.41
577,2017-07-31,2.22
578,2017-01-08,1.16
579,2017-02-08,0.91
580,2017-03-08,0.56
581,2017-04-08,1.18
582,2017-05-08,0.54
583,2017-06-08,0.6
584,2017-07-08,0.92
585,2017-08-08,0.53
586,2017-09-08,0.78
587,2017-10-08,0.74
588,2017-11-08,0.63
589,2017-12-08,0.7
590,2017-08-13,0.76
591,2017-08-14,0.74
592,2017-08-15,0.97
593,2017-08-16,1.28
594,2017-08-17,0.5
595,2017-08-18,0.4
596,2017-08-19,0.49
597,2017-08-20,0.46
598,2017-08-21,0.43
599,2017-08-22,0.46
600,2017-08-23,0.87
601,2017-08-24,0.91
602,2017-08-25,0.69
603,2017-08-26,1.44
604,2017-08-27,0.65
605,2017-08-28,0.68
606,2017-08-29,0.63
607,2017-08-30,0.62
608,2017-08-31,0.62
609,2017-01-09,0.64
610,2017-02-09,0.89
611,2017-03-09,0.46
612,2017-04-09,0.57
613,2017-05-09,0.68
614,2017-06-09,0.54
615,2017-07-09,0.55
616,2017-08-09,0.57
617,2017-09-09,0.46
618,2017-10-09,0.49
619,2017-11-09,0.67
620,2017-12-09,0.91
621,2017-09-13,0.77
622,2017-09-14,0.97
623,2017-09-15,1.05
624,2017-09-16,0.97
625,2017-09-17,0.67
626,2017-09-18,0.76
627,2017-09-19,0.88
628,2017-09-20,0.73
629,2017-09-21,0.76
630,2017-09-22,0.65
631,2017-09-23,0.73
632,2017-09-24,0.72
633,2017-09-25,0.55
634,2017-09-26,0.69
635,2017-09-27,0.51
636,2017-09-28,0.57
637,2017-09-29,1.13
638,2017-09-30,1.12
639,2017-01-10,0.59
640,2017-02-10,0.65
641,2017-03-10,1.34
642,2017-04-10,0.63
643,2017-05-10,0.63
644,2017-06-10,0.81
645,2017-07-10,0.62
646,2017-08-10,0.63
647,2017-09-10,0.68
648,2017-10-10,1.13
649,2017-11-10,0.67
650,2017-12-10,0.8
651,2017-10-13,0.98
652,2017-10-14,0.66
653,2017-10-15,0.57
654,2017-10-16,0.73
655,2017-10-17,0.83
656,2017-10-18,0.85
657,2017-10-19,0.85
658,2017-10-20,0.8
659,2017-10-21,0.83
660,2017-10-22,0.84
661,2017-10-23,0.9
662,2017-10-24,1.0
663,2017-10-25,0.82
664,2017-10-26,0.8
665,2017-10-27,0.83
666,2017-10-28,0.92
667,2017-10-29,4.55
668,2017-10-30,3.21
669,2017-10-31,3.21
670,2017-01-11,0.96
671,2017-02-11,1.03
672,2017-03-11,1.11
673,2017-04-11,1.13
674,2017-05-11,1.59
675,2017-06-11,2.18
676,2017-07-11,1.13
677,2017-08-11,1.26
678,2017-09-11,1.29
679,2017-10-11,1.32
680,2017-11-11,1.16
681,2017-12-11,1.36
682,2017-11-13,1.18
683,2017-11-14,1.07
684,2017-11-15,1.05
685,2017-11-16,0.87
686,2017-11-17,0.77
687,2017-11-18,0.75
688,2017-11-19,0.77
689,2017-11-20,0.76
690,2017-11-21,0.89
691,2017-11-22,1.0
692,2017-11-23,1.07
693,2017-11-24,1.18
694,2017-11-25,1.19
695,2017-11-26,4.89
696,2017-11-27,4.74
697,2017-11-28,6.91
698,2017-11-29,1.94
699,2017-11-30,2.1
700,2017-01-12,5.74
701,2017-02-12,4.01
702,2017-03-12,2.31
703,2017-04-12,2.25
704,2017-05-12,2.38
705,2017-06-12,2.21
706,2017-07-12,2.41
707,2017-08-12,2.81
708,2017-09-12,1.75
709,2017-10-12,1.55
710,2017-11-12,1.5
711,2017-12-12,1.36
712,2017-12-13,1.29
713,2017-12-14,1.28
714,2017-12-15,1.03
715,2017-12-16,1.24
716,2017-12-17,1.26
717,2017-12-18,1.27
718,2017-12-19,1.14
719,2017-12-20,1.11
720,2017-12-21,1.03
721,2017-12-22,1.15
722,2017-12-23,1.52
723,2017-12-24,1.38
724,2017-12-25,1.12
725,2017-12-26,0.85
726,2017-12-27,0.96
727,2017-12-28,0.86
728,2017-12-29,0.86
729,2017-12-30,0.86
730,2017-12-31,0.86
731,2018-01-01,3.35
732,2018-02-01,3.71
733,2018-03-01,3.43
734,2018-04-01,2.66
735,2018-05-01,2.1
736,2018-06-01,1.94
737,2018-07-01,1.63
738,2018-08-01,1.64
739,2018-09-01,1.3
740,2018-10-01,1.42
741,2018-11-01,1.63
742,2018-12-01,1.9
743,2018-01-13,1.66
744,2018-01-14,1.58
745,2018-01-15,1.3
746,2018-01-16,1.13
747,2018-01-17,1.2
748,2018-01-18,1.16
749,2018-01-19,1.1
750,2018-01-20,1.94
751,2018-01-21,3.18
752,2018-01-22,1.46
753,2018-01-23,1.36
754,2018-01-24,1.23
755,2018-01-25,1.06
756,2018-01-26,1.13
757,2018-01-27,1.17
758,2018-01-28,0.92
759,2018-01-29,1.06
760,2018-01-30,1.0
761,2018-01-31,0.91
762,2018-01-02,1.05
763,2018-02-02,1.03
764,2018-03-02,1.02
765,2018-04-02,0.93
766,2018-05-02,0.89
767,2018-06-02,0.71
768,2018-07-02,0.89
769,2018-08-02,0.69
770,2018-09-02,0.71
771,2018-10-02,0.73
772,2018-11-02,0.74
773,2018-12-02,1.08
774,2018-02-13,1.07
775,2018-02-14,1.09
776,2018-02-15,1.0
777,2018-02-16,0.95
778,2018-02-17,0.91
779,2018-02-18,0.88
780,2018-02-19,0.93
781,2018-02-20,1.08
782,2018-02-21,0.81
783,2018-02-22,0.94
784,2018-02-23,1.23
785,2018-02-24,3.32
786,2018-02-25,1.16
787,2018-02-26,1.22
788,2018-02-27,1.23
789,2018-02-28,0.96
790,2018-01-03,1.08
791,2018-02-03,0.94
792,2018-03-03,0.94
793,2018-04-03,0.9
794,2018-05-03,0.85
795,2018-06-03,0.86
796,2018-07-03,0.89
797,2018-08-03,0.88
798,2018-09-03,1.0
799,2018-10-03,1.18
800,2018-11-03,1.08
801,2018-12-03,0.98
802,2018-03-13,0.83
803,2018-03-14,1.1
804,2018-03-15,0.75
805,2018-03-16,0.9
806,2018-03-17,0.84
807,2018-03-18,0.75
808,2018-03-19,0.84
809,2018-03-20,0.86
810,2018-03-21,0.81
811,2018-03-22,0.81
812,2018-03-23,1.0
813,2018-03-24,0.82
814,2018-03-25,0.88
815,2018-03-26,1.0
816,2018-03-27,0.82
817,2018-03-28,0.74
818,2018-03-29,1.16
819,2018-03-30,1.12
820,2018-03-31,1.05
821,2018-01-04,1.15
822,2018-02-04,1.12
823,2018-03-04,1.05
824,2018-04-04,1.03
825,2018-05-04,1.0
826,2018-06-04,1.05
827,2018-07-04,1.15
828,2018-08-04,1.28
829,2018-09-04,1.42
830,2018-10-04,1.31
831,2018-11-04,1.15
832,2018-12-04,1.14
833,2018-04-13,1.12
834,2018-04-14,1.07
835,2018-04-15,1.07
836,2018-04-16,1.08
837,2018-04-17,1.13
838,2018-04-18,1.1
839,2018-04-19,1.08
840,2018-04-20,1.08
841,2018-04-21,1.4
842,2018-04-22,1.26
843,2018-04-23,1.14
844,2018-04-24,0.98
845,2018-04-25,0.97
846,2018-04-26,1.16
847,2018-04-27,1.31
848,2018-04-28,1.17
849,2018-04-29,1.06
850,2018-04-30,1.07
851,2018-01-05,1.1
852,2018-02-05,1.31
853,2018-03-05,1.37
854,2018-04-05,1.36
855,2018-05-05,1.38
856,2018-06-05,1.21
857,2018-07-05,0.95
858,2018-08-05,1.01
859,2018-09-05,2.26
860,2018-10-05,1.29
861,2018-11-05,1.03
862,2018-12-05,0.96
863,2018-05-13,0.97
864,2018-05-14,1.01
865,2018-05-15,1.17
866,2018-05-16,1.29
867,2018-05-17,1.73
868,2018-05-18,1.81
869,2018-05-19,1.11
870,2018-05-20,1.11
871,2018-05-21,1.08
872,2018-05-22,1.06
873,2018-05-23,1.04
874,2018-05-24,1.23
875,2018-05-25,1.78
876,2018-05-26,1.38
877,2018-05-27,1.26
878,2018-05-28,1.15
879,2018-05-29,1.16
880,2018-05-30,1.15
881,2018-05-31,2.11
882,2018-01-06,1.21
883,2018-02-06,1.22
884,2018-03-06,1.03
885,2018-04-06,0.94
886,2018-05-06,1.0
887,2018-06-06,1.35
888,2018-07-06,1.49
889,2018-08-06,1.38
890,2018-09-06,1.23
891,2018-10-06,1.14
892,2018-11-06,1.02
893,2018-12-06,1.08
894,2018-06-13,1.09
895,2018-06-14,1.05
896,2018-06-15,1.07
897,2018-06-16,1.11
898,2018-06-17,1.08
899,2018-06-18,1.07
900,2018-06-19,1.0
901,2018-06-20,1.04
902,2018-06-21,1.06
903,2018-06-22,1.06
904,2018-06-23,1.13
905,2018-06-24,1.11
906,2018-06-25,1.13
907,2018-06-26,1.18
908,2018-06-27,1.11
909,2018-06-28,1.18
910,2018-06-29,2.48
911,2018-06-30,2.5
912,2018-01-07,1.14
913,2018-02-07,1.16
914,2018-03-07,1.52
915,2018-04-07,1.96
916,2018-05-07,2.02
917,2018-06-07,2.02
918,2018-07-07,2.04
919,2018-08-07,2.07
920,2018-09-07,2.12
921,2018-10-07,2.09
922,2018-11-07,2.06
923,2018-12-07,1.62
924,2018-07-13,1.27
925,2018-07-14,1.27
926,2018-07-15,1.29
927,2018-07-16,1.25
928,2018-07-17,1.25
929,2018-07-18,1.18
930,2018-07-19,1.27
931,2018-07-20,1.3
932,2018-07-21,1.17
933,2018-07-22,1.18
934,2018-07-23,1.35
935,2018-07-24,1.15
936,2018-07-25,1.91
937,2018-07-26,2.05
938,2018-07-27,2.04
939,2018-07-28,2.27
940,2018-07-29,2.33
941,2018-07-30,2.17
942,2018-07-31,0.81
943,2018-01-08,2.08
944,2018-02-08,2.06
945,2018-03-08,2.05
946,2018-04-08,2.05
947,2018-05-08,2.04
948,2018-06-08,2.04
949,2018-07-08,2.04
950,2018-08-08,2.04
951,2018-09-08,2.05
952,2018-10-08,2.05
953,2018-11-08,2.04
954,2018-12-08,2.04
955,2018-08-13,2.03
956,2018-08-14,2.02
957,2018-08-15,2.01
958,2018-08-16,2.01
959,2018-08-17,2.01
960,2018-08-18,2.02
961,2018-08-19,2.08
962,2018-08-20,2.13
963,2018-08-21,2.09
964,2018-08-22,2.47
965,2018-08-23,2.64
966,2018-08-24,2.21
967,2018-08-25,2.11
968,2018-08-26,2.09
969,2018-08-27,2.08
970,2018-08-28,2.15
971,2018-08-29,2.12
972,2018-08-30,2.09
973,2018-08-31,2.09
974,2018-01-09,2.14
975,2018-02-09,2.16
976,2018-03-09,2.14
977,2018-04-09,2.32
978,2018-05-09,2.23
979,2018-06-09,2.24
980,2018-07-09,2.52
981,2018-08-09,2.45
982,2018-09-09,2.57
983,2018-10-09,2.56
984,2018-11-09,2.32
985,2018-12-09,2.4
986,2018-09-13,2.37
987,2018-09-14,2.4
988,2018-09-15,2.43
989,2018-09-16,2.24
990,2018-09-17,2.23
991,2018-09-18,2.31
992,2018-09-19,2.26
993,2018-09-20,2.19
994,2018-09-21,2.15
995,2018-09-22,2.15
996,2018-09-23,2.17
997,2018-09-24,2.11
998,2018-09-25,2.09
999,2018-09-26,2.16
1000,2018-09-27,2.2
1001,2018-09-28,2.19
1002,2018-09-29,0.8
1003,2018-09-30,1.08
1004,2018-01-10,2.08
1005,2018-02-10,2.09
1006,2018-03-10,2.19
1007,2018-04-10,2.21
1008,2018-05-10,2.26
1009,2018-06-10,1.22
1010,2018-07-10,0.75
1011,2018-08-10,0.68
1012,2018-09-10,0.97
1013,2018-10-10,0.99
1014,2018-11-10,1.16
1015,2018-12-10,1.15
1016,2018-10-13,1.04
1017,2018-10-14,0.65
1018,2018-10-15,0.63
1019,2018-10-16,0.63
1020,2018-10-17,0.61
1021,2018-10-18,0.64
1022,2018-10-19,0.7
1023,2018-10-20,0.72
1024,2018-10-21,0.72
1025,2018-10-22,0.72
1026,2018-10-23,0.66
1027,2018-10-24,0.66
1028,2018-10-25,0.65
1029,2018-10-26,0.71
1030,2018-10-27,0.74
1031,2018-10-28,0.85
1032,2018-10-29,0.68
1033,2018-10-30,0.64
1034,2018-10-31,0.64
1035,2018-01-11,0.93
1036,2018-02-11,1.57
1037,2018-03-11,3.0
1038,2018-04-11,1.63
1039,2018-05-11,2.05
1040,2018-06-11,3.47
1041,2018-07-11,1.99
1042,2018-08-11,1.51
1043,2018-09-11,1.71
1044,2018-10-11,1.38
1045,2018-11-11,1.34
1046,2018-12-11,1.27
1047,2018-11-13,1.19
1048,2018-11-14,1.03
1049,2018-11-15,1.17
1050,2018-11-16,1.19
1051,2018-11-17,0.75
1052,2018-11-18,0.69
1053,2018-11-19,1.11
1054,2018-11-20,1.17
1055,2018-11-21,0.95
1056,2018-11-22,0.79
1057,2018-11-23,0.79
1058,2018-11-24,0.76
1059,2018-11-25,0.69
1060,2018-11-26,0.72
1061,2018-11-27,0.76
1062,2018-11-28,0.79
1063,2018-11-29,0.86
1064,2018-11-30,0.78
1065,2018-01-12,1.99
1066,2018-02-12,1.73
1067,2018-03-12,1.38
1068,2018-04-12,1.51
1069,2018-05-12,2.45
1070,2018-06-12,2.67
1071,2018-07-12,1.92
1072,2018-08-12,1.09
1073,2018-09-12,0.65
1074,2018-10-12,1.55
1075,2018-11-12,1.29
1076,2018-12-12,2.82
1077,2018-12-13,4.35
1078,2018-12-14,2.26
1079,2018-12-15,3.95
1080,2018-12-16,2.73
1081,2018-12-17,2.56
1082,2018-12-18,2.0
1083,2018-12-19,1.64
1084,2018-12-20,1.46
1085,2018-12-21,1.12
1086,2018-12-22,1.24
1087,2018-12-23,1.09
1088,2018-12-24,1.07
1089,2018-12-25,1.05
1090,2018-12-26,1.02
1091,2018-12-27,0.91
1092,2018-12-28,0.94
1093,2018-12-29,0.94
1094,2018-12-30,0.94
1095,2018-12-31,0.94
1096,2019-01-01,0.85
1097,2019-02-01,0.86
1098,2019-03-01,1.07
1099,2019-04-01,0.94
1100,2019-05-01,0.88
1101,2019-06-01,0.79
1102,2019-07-01,1.01
1103,2019-08-01,0.98
1104,2019-09-01,1.02
1105,2019-10-01,1.09
1106,2019-11-01,0.73
1107,2019-12-01,0.92
1108,2019-01-13,1.2
1109,2019-01-14,0.94
1110,2019-01-15,0.69
1111,2019-01-16,0.8
1112,2019-01-17,1.21
1113,2019-01-18,1.24
1114,2019-01-19,1.13
1115,2019-01-20,0.93
1116,2019-01-21,1.12
1117,2019-01-22,2.26
1118,2019-01-23,2.28
1119,2019-01-24,2.25
1120,2019-01-25,2.31
1121,2019-01-26,2.33
1122,2019-01-27,2.15
1123,2019-01-28,2.17
1124,2019-01-29,2.27
1125,2019-01-30,2.27
1126,2019-01-31,2.17
1127,2019-01-02,2.21
1128,2019-02-02,2.29
1129,2019-03-02,2.46
1130,2019-04-02,2.21
1131,2019-05-02,2.14
1132,2019-06-02,2.23
1133,2019-07-02,2.21
1134,2019-08-02,2.14
1135,2019-09-02,2.13
1136,2019-10-02,2.19
1137,2019-11-02,2.18
1138,2019-12-02,2.17
1139,2019-02-13,2.35
1140,2019-02-14,2.41
1141,2019-02-15,2.22
1142,2019-02-16,2.21
1143,2019-02-17,2.15
1144,2019-02-18,2.16
1145,2019-02-19,2.14
1146,2019-02-20,2.2
1147,2019-02-21,2.13
1148,2019-02-22,2.07
1149,2019-02-23,2.15
1150,2019-02-24,2.18
1151,2019-02-25,2.08
1152,2019-02-26,2.08
1153,2019-02-27,2.07
1154,2019-02-28,2.08
1155,2019-01-03,2.06
1156,2019-02-03,2.05
1157,2019-03-03,2.05
1158,2019-04-03,2.04
1159,2019-05-03,2.06
1160,2019-06-03,2.04
1161,2019-07-03,2.04
1162,2019-08-03,2.04
1163,2019-09-03,2.04
1164,2019-10-03,2.04
1165,2019-11-03,2.04
1166,2019-12-03,2.04
1167,2019-03-13,2.03
1168,2019-03-14,2.02
1169,2019-03-15,2.02
1170,2019-03-16,2.01
1171,2019-03-17,1.96
1172,2019-03-18,2.0
1173,2019-03-19,2.01
1174,2019-03-20,2.01
1175,2019-03-21,2.01
1176,2019-03-22,2.01
1177,2019-03-23,2.0
1178,2019-03-24,2.0
1179,2019-03-25,2.0
1180,2019-03-26,2.01
1181,2019-03-27,2.01
1182,2019-03-28,2.01
1183,2019-03-29,1.81
1184,2019-03-30,1.77
1185,2019-03-31,2.05
1186,2019-01-04,2.01
1187,2019-02-04,2.01
1188,2019-03-04,2.01
1189,2019-04-04,2.01
1190,2019-05-04,2.01
1191,2019-06-04,2.01
1192,2019-07-04,2.01
1193,2019-08-04,2.01
1194,2019-09-04,2.0
1195,2019-10-04,2.0
1196,2019-11-04,2.0
1197,2019-12-04,2.01
1198,2019-04-13,2.04
1199,2019-04-14,2.16
1200,2019-04-15,2.13
1201,2019-04-16,2.09
1202,2019-04-17,2.01
1203,2019-04-18,2.01
1204,2019-04-19,2.0
1205,2019-04-20,2.0
1206,2019-04-21,1.99
1207,2019-04-22,1.97
1208,2019-04-23,1.93
1209,2019-04-24,1.92
1210,2019-04-25,1.91
1211,2019-04-26,1.95
1212,2019-04-27,2.06
1213,2019-04-28,2.01
1214,2019-04-29,1.92
1215,2019-04-30,1.93
1216,2019-01-05,2.07
1217,2019-02-05,1.98
1218,2019-03-05,1.91
1219,2019-04-05,1.91
1220,2019-05-05,1.92
1221,2019-06-05,1.91
1222,2019-07-05,1.9
1223,2019-08-05,1.99
1224,2019-09-05,2.01
1225,2019-10-05,2.0
1226,2019-11-05,2.0
1227,2019-12-05,2.0
1228,2019-05-13,2.01
1229,2019-05-14,2.01
1230,2019-05-15,2.02
1231,2019-05-16,2.07
1232,2019-05-17,2.08
1233,2019-05-18,2.08
1234,2019-05-19,2.09
1235,2019-05-20,2.08
1236,2019-05-21,2.04
1237,2019-05-22,2.01
1238,2019-05-23,1.96
1239,2019-05-24,1.93
1240,2019-05-25,2.08
1241,2019-05-26,2.11
1242,2019-05-27,2.01
1243,2019-05-28,1.94
1244,2019-05-29,0.64
1245,2019-05-30,0.75
1246,2019-05-31,2.12
1247,2019-01-06,2.07
1248,2019-02-06,2.05
1249,2019-03-06,2.03
1250,2019-04-06,1.41
1251,2019-05-06,1.87
1252,2019-06-06,2.51
1253,2019-07-06,2.53
1254,2019-08-06,2.16
1255,2019-09-06,2.12
1256,2019-10-06,1.65
1257,2019-11-06,0.97
1258,2019-12-06,1.59
1259,2019-06-13,2.07
1260,2019-06-14,2.09
1261,2019-06-15,2.27
1262,2019-06-16,2.18
1263,2019-06-17,2.39
1264,2019-06-18,2.43
1265,2019-06-19,2.53
1266,2019-06-20,2.19
1267,2019-06-21,2.18
1268,2019-06-22,2.18
1269,2019-06-23,2.22
1270,2019-06-24,2.15
1271,2019-06-25,1.98
1272,2019-06-26,2.6
1273,2019-06-27,2.0
1274,2019-06-28,0.92
1275,2019-06-29,2.03
1276,2019-06-30,2.03
1277,2019-01-07,0.58
1278,2019-02-07,0.41
1279,2019-03-07,0.6
1280,2019-04-07,1.38
1281,2019-05-07,1.87
1282,2019-06-07,2.09
1283,2019-07-07,2.13
1284,2019-08-07,2.09
1285,2019-09-07,2.19
1286,2019-10-07,2.09
1287,2019-11-07,2.06
1288,2019-12-07,2.07
1289,2019-07-13,2.09
1290,2019-07-14,2.21
1291,2019-07-15,2.35
1292,2019-07-16,2.08
1293,2019-07-17,2.09
1294,2019-07-18,2.12
1295,2019-07-19,2.09
1296,2019-07-20,2.07
1297,2019-07-21,2.12
1298,2019-07-22,2.11
1299,2019-07-23,2.04
1300,2019-07-24,2.21
1301,2019-07-25,2.14
1302,2019-07-26,2.06
1303,2019-07-27,2.05
1304,2019-07-28,2.05
1305,2019-07-29,2.09
1306,2019-07-30,2.21
1307,2019-07-31,2.02
1308,2019-01-08,2.07
1309,2019-02-08,2.03
1310,2019-03-08,2.02
1311,2019-04-08,2.02
1312,2019-05-08,2.01
1313,2019-06-08,2.01
1314,2019-07-08,2.0
1315,2019-08-08,2.0
1316,2019-09-08,2.0
1317,2019-10-08,2.01
1318,2019-11-08,2.09
1319,2019-12-08,2.34
1320,2019-08-13,2.16
1321,2019-08-14,2.09
1322,2019-08-15,2.09
1323,2019-08-16,2.09
1324,2019-08-17,2.08
1325,2019-08-18,2.1
1326,2019-08-19,2.06
1327,2019-08-20,2.04
1328,2019-08-21,2.05
1329,2019-08-22,2.06
1330,2019-08-23,2.05
1331,2019-08-24,2.18
1332,2019-08-25,2.5
1333,2019-08-26,2.16
1334,2019-08-27,2.11
1335,2019-08-28,2.1
1336,2019-08-29,2.03
1337,2019-08-30,2.03
1338,2019-08-31,2.03
1339,2019-01-09,2.06
1340,2019-02-09,2.05
1341,2019-03-09,2.06
1342,2019-04-09,2.1
1343,2019-05-09,2.2
1344,2019-06-09,2.11
1345,2019-07-09,2.12
1346,2019-08-09,2.17
1347,2019-09-09,2.16
1348,2019-10-09,2.1
1349,2019-11-09,2.08
1350,2019-12-09,2.07
1351,2019-09-13,0.9
1352,2019-09-14,0.26
1353,2019-09-15,0.84
1354,2019-09-16,1.51
1355,2019-09-17,2.02
1356,2019-09-18,2.13
1357,2019-09-19,2.08
1358,2019-09-20,2.05
1359,2019-09-21,2.05
1360,2019-09-22,2.04
1361,2019-09-23,2.04
1362,2019-09-24,2.04
1363,2019-09-25,2.07
1364,2019-09-26,1.77
1365,2019-09-27,2.01
1366,2019-09-28,2.04
1367,2019-09-29,2.21
1368,2019-09-30,2.17
1369,2019-01-10,2.04
1370,2019-02-10,1.95
1371,2019-03-10,2.06
1372,2019-04-10,2.09
1373,2019-05-10,2.13
1374,2019-06-10,2.11
1375,2019-07-10,2.1
1376,2019-08-10,2.08
1377,2019-09-10,2.08
1378,2019-10-10,2.2
1379,2019-11-10,2.35
1380,2019-12-10,2.17
1381,2019-10-13,1.99
1382,2019-10-14,2.1
1383,2019-10-15,2.35
1384,2019-10-16,2.38
1385,2019-10-17,2.27
1386,2019-10-18,2.2
1387,2019-10-19,2.14
1388,2019-10-20,2.09
1389,2019-10-21,2.08
1390,2019-10-22,2.08
1391,2019-10-23,2.11
1392,2019-10-24,2.2
1393,2019-10-25,2.24
1394,2019-10-26,2.23
1395,2019-10-27,2.22
1396,2019-10-28,2.21
1397,2019-10-29,7.22
1398,2019-10-30,7.23
1399,2019-10-31,7.23
1400,2019-01-11,2.43
1401,2019-02-11,2.32
1402,2019-03-11,2.31
1403,2019-04-11,2.43
1404,2019-05-11,2.72
1405,2019-06-11,2.58
1406,2019-07-11,2.36
1407,2019-08-11,2.35
1408,2019-09-11,2.56
1409,2019-10-11,2.49
1410,2019-11-11,2.58
1411,2019-12-11,2.54
1412,2019-11-13,2.69
1413,2019-11-14,1.87
1414,2019-11-15,1.04
1415,2019-11-16,0.9
1416,2019-11-17,0.83
1417,2019-11-18,0.71
1418,2019-11-19,0.56
1419,2019-11-20,0.63
1420,2019-11-21,0.6
1421,2019-11-22,1.05
1422,2019-11-23,1.16
1423,2019-11-24,0.92
1424,2019-11-25,0.96
1425,2019-11-26,0.98
1426,2019-11-27,2.88
1427,2019-11-28,4.17
1428,2019-11-29,2.06
1429,2019-11-30,2.09
1430,2019-01-12,7.33
1431,2019-02-12,7.58
1432,2019-03-12,3.9
1433,2019-04-12,1.49
1434,2019-05-12,1.73
1435,2019-06-12,1.59
1436,2019-07-12,1.15
1437,2019-08-12,2.1
1438,2019-09-12,1.36
1439,2019-10-12,1.06
1440,2019-11-12,1.12
1441,2019-12-12,0.99
1442,2019-12-13,0.95
1443,2019-12-14,1.27
1444,2019-12-15,1.94
1445,2019-12-16,2.57
1446,2019-12-17,2.79
1447,2019-12-18,5.84
1448,2019-12-19,3.56
1449,2019-12-20,1.57
1450,2019-12-21,1.82
1451,2019-12-22,1.41
1452,2019-12-23,2.12
1453,2019-12-24,2.37
1454,2019-12-25,2.32
1455,2019-12-26,2.19
1456,2019-12-27,2.23
1457,2019-12-28,2.17
1458,2019-12-29,2.17
1459,2019-12-30,2.17
1460,2019-12-31,2.17
1461,2020-01-01,2.09
1462,2020-02-01,2.09
1463,2020-03-01,2.19
1464,2020-04-01,2.19
1465,2020-05-01,2.06
1466,2020-06-01,0.73
1467,2020-07-01,0.88
1468,2020-08-01,1.72
1469,2020-09-01,2.03
1470,2020-10-01,1.9
1471,2020-11-01,2.04
1472,2020-12-01,1.82
1473,2020-01-13,1.93
1474,2020-01-14,1.85
1475,2020-01-15,1.84
1476,2020-01-16,1.85
1477,2020-01-17,1.92
1478,2020-01-18,2.01
1479,2020-01-19,2.04
1480,2020-01-20,2.02
1481,2020-01-21,2.01
1482,2020-01-22,1.95
1483,2020-01-23,1.88
1484,2020-01-24,1.87
1485,2020-01-25,1.86
1486,2020-01-26,1.86
1487,2020-01-27,1.85
1488,2020-01-28,1.82
1489,2020-01-29,1.8
1490,2020-01-30,1.81
1491,2020-01-31,1.83
1492,2020-01-02,1.88
1493,2020-02-02,1.94
1494,2020-03-02,1.83
1495,2020-04-02,1.25
1496,2020-05-02,1.16
1497,2020-06-02,1.14
1498,2020-07-02,1.14
1499,2020-08-02,1.14
1500,2020-09-02,1.2
1501,2020-10-02,1.76
1502,2020-11-02,1.66
1503,2020-12-02,1.42
1504,2020-02-13,1.16
1505,2020-02-14,0.36
1506,2020-02-15,1.34
1507,2020-02-16,1.4
1508,2020-02-17,1.36
1509,2020-02-18,1.58
1510,2020-02-19,1.0
1511,2020-02-20,1.32
1512,2020-02-21,1.26
1513,2020-02-22,1.52
1514,2020-02-23,1.01
1515,2020-02-24,1.87
1516,2020-02-25,1.08
1517,2020-02-26,1.3
1518,2020-02-27,1.41
1519,2020-02-28,1.28
1520,2020-02-29,1.3
1521,2020-01-03,1.3
1522,2020-02-03,1.22
1523,2020-03-03,1.22
1524,2020-04-03,1.26
1525,2020-05-03,1.25
1526,2020-06-03,1.25
1527,2020-07-03,1.19
1528,2020-08-03,1.19
1529,2020-09-03,1.25
1530,2020-10-03,1.16
1531,2020-11-03,1.13
1532,2020-12-03,1.16
1533,2020-03-13,1.21
1534,2020-03-14,1.18
1535,2020-03-15,1.09
1536,2020-03-16,1.14
1537,2020-03-17,1.19
1538,2020-03-18,1.07
1539,2020-03-19,1.1
1540,2020-03-20,1.12
1541,2020-03-21,1.12
1542,2020-03-22,1.13
1543,2020-03-23,1.12
1544,2020-03-24,1.12
1545,2020-03-25,1.12
1546,2020-03-26,1.12
1547,2020-03-27,1.06
1548,2020-03-28,1.02
1549,2020-03-29,1.06
1550,2020-03-30,1.08
1551,2020-03-31,2.06
1552,2020-01-04,1.1
1553,2020-02-04,1.05
1554,2020-03-04,1.05
1555,2020-04-04,1.11
1556,2020-05-04,1.16
1557,2020-06-04,1.18
1558,2020-07-04,1.16
1559,2020-08-04,1.16
1560,2020-09-04,1.15
1561,2020-10-04,1.15
1562,2020-11-04,1.16
1563,2020-12-04,1.15
1564,2020-04-13,1.15
1565,2020-04-14,1.14
1566,2020-04-15,1.14
1567,2020-04-16,1.13
1568,2020-04-17,1.13
1569,2020-04-18,1.14
1570,2020-04-19,1.12
1571,2020-04-20,1.06
1572,2020-04-21,1.05
1573,2020-04-22,1.05
1574,2020-04-23,1.06
1575,2020-04-24,1.06
1576,2020-04-25,1.07
1577,2020-04-26,1.07
1578,2020-04-27,1.08
1579,2020-04-28,1.1
1580,2020-04-29,1.09
1581,2020-04-30,2.14
1582,2020-01-05,1.08
1583,2020-02-05,1.12
1584,2020-03-05,1.16
1585,2020-04-05,1.16
1586,2020-05-05,1.16
1587,2020-06-05,1.16
1588,2020-07-05,1.15
1589,2020-08-05,1.15
1590,2020-09-05,1.15
1591,2020-10-05,1.15
1592,2020-11-05,1.15
1593,2020-12-05,1.15
1594,2020-05-13,1.12
1595,2020-05-14,1.05
1596,2020-05-15,1.01
1597,2020-05-16,0.99
1598,2020-05-17,1.08
1599,2020-05-18,1.25
1600,2020-05-19,1.87
1601,2020-05-20,2.1
1602,2020-05-21,2.1
1603,2020-05-22,2.09
1604,2020-05-23,2.03
1605,2020-05-24,2.03
1606,2020-05-25,2.12
1607,2020-05-26,2.14
1608,2020-05-27,2.1
1609,2020-05-28,2.02
1610,2020-05-29,2.04
1611,2020-05-30,2.16
1612,2020-05-31,2.19
1613,2020-01-06,2.15
1614,2020-02-06,2.16
1615,2020-03-06,2.16
1616,2020-04-06,2.13
1617,2020-05-06,2.18
1618,2020-06-06,2.23
1619,2020-07-06,2.29
1620,2020-08-06,2.46
1621,2020-09-06,2.19
1622,2020-10-06,2.57
1623,2020-11-06,2.26
1624,2020-12-06,2.22
1625,2020-06-13,2.26
1626,2020-06-14,2.11
1627,2020-06-15,2.16
1628,2020-06-16,2.22
1629,2020-06-17,2.21
1630,2020-06-18,2.24
1631,2020-06-19,2.18
1632,2020-06-20,2.25
1633,2020-06-21,2.32
1634,2020-06-22,2.22
1635,2020-06-23,2.27
1636,2020-06-24,2.18
1637,2020-06-25,2.21
1638,2020-06-26,2.32
1639,2020-06-27,2.31
1640,2020-06-28,2.21
1641,2020-06-29,2.16
1642,2020-06-30,2.34
1643,2020-01-07,2.41
1644,2020-02-07,2.66
1645,2020-03-07,2.27
1646,2020-04-07,2.48
1647,2020-05-07,2.27
1648,2020-06-07,2.22
1649,2020-07-07,2.2
1650,2020-08-07,2.33
1651,2020-09-07,2.32
1652,2020-10-07,2.51
1653,2020-11-07,2.28
1654,2020-12-07,2.53
1655,2020-07-13,2.37
1656,2020-07-14,2.14
1657,2020-07-15,2.28
1658,2020-07-16,2.4
1659,2020-07-17,2.3
1660,2020-07-18,2.31
1661,2020-07-19,2.3
1662,2020-07-20,2.29
1663,2020-07-21,2.24
1664,2020-07-22,2.32
1665,2020-07-23,2.23
1666,2020-07-24,2.4
1667,2020-07-25,2.36
1668,2020-07-26,2.31
1669,2020-07-27,2.38
1670,2020-07-28,2.28
1671,2020-07-29,2.27
1672,2020-07-30,2.18
1673,2020-07-31,2.18
1674,2020-01-08,2.2
1675,2020-02-08,2.32
1676,2020-03-08,2.23
1677,2020-04-08,2.19
1678,2020-05-08,2.2
1679,2020-06-08,2.23
1680,2020-07-08,2.17
1681,2020-08-08,2.18
1682,2020-09-08,2.2
1683,2020-10-08,2.25
1684,2020-11-08,2.26
1685,2020-12-08,2.22
1686,2020-08-13,2.21
1687,2020-08-14,2.28
1688,2020-08-15,2.15
1689,2020-08-16,2.12
1690,2020-08-17,2.21
1691,2020-08-18,2.16
1692,2020-08-19,2.28
1693,2020-08-20,2.21
1694,2020-08-21,2.33
1695,2020-08-22,2.48
1696,2020-08-23,2.27
1697,2020-08-24,2.24
1698,2020-08-25,2.23
1699,2020-08-26,2.18
1700,2020-08-27,2.17
1701,2020-08-28,2.22
1702,2020-08-29,2.22
1703,2020-08-30,2.02
1704,2020-08-31,2.02
1705,2020-01-09,2.2
1706,2020-02-09,2.18
1707,2020-03-09,2.17
1708,2020-04-09,2.18
1709,2020-05-09,2.23
1710,2020-06-09,2.36
1711,2020-07-09,2.32
1712,2020-08-09,2.28
1713,2020-09-09,2.26
1714,2020-10-09,2.21
1715,2020-11-09,2.28
1716,2020-12-09,2.3
1717,2020-09-13,2.28
1718,2020-09-14,2.29
1719,2020-09-15,2.4
1720,2020-09-16,2.23
1721,2020-09-17,2.21
1722,2020-09-18,2.21
1723,2020-09-19,2.17
1724,2020-09-20,2.31
1725,2020-09-21,2.28
1726,2020-09-22,2.15
1727,2020-09-23,2.09
1728,2020-09-24,2.14
1729,2020-09-25,2.19
1730,2020-09-26,2.19
1731,2020-09-27,2.25
1732,2020-09-28,2.62
1733,2020-09-29,2.23
1734,2020-09-30,1.79
1735,2020-01-10,1.99
1736,2020-02-10,2.0
1737,2020-03-10,2.13
1738,2020-04-10,2.42
1739,2020-05-10,2.46
1740,2020-06-10,2.55
1741,2020-07-10,2.36
1742,2020-08-10,2.52
1743,2020-09-10,2.39
1744,2020-10-10,2.34
1745,2020-11-10,2.4
1746,2020-12-10,2.38
1747,2020-10-13,1.54
1748,2020-10-14,1.65
1749,2020-10-15,2.26
1750,2020-10-16,2.24
1751,2020-10-17,2.22
1752,2020-10-18,2.33
1753,2020-10-19,2.34
1754,2020-10-20,2.4
1755,2020-10-21,2.37
1756,2020-10-22,2.08
1757,2020-10-23,1.98
1758,2020-10-24,2.02
1759,2020-10-25,2.29
1760,2020-10-26,2.35
1761,2020-10-27,2.11
1762,2020-10-28,1.97
1763,2020-10-29,1.84
1764,2020-10-30,1.31
1765,2020-10-31,1.31
1766,2020-01-11,2.05
1767,2020-02-11,2.08
1768,2020-03-11,1.76
1769,2020-04-11,1.76
1770,2020-05-11,1.88
1771,2020-06-11,1.88
1772,2020-07-11,1.94
1773,2020-08-11,1.93
1774,2020-09-11,1.22
1775,2020-10-11,0.98
1776,2020-11-11,0.97
1777,2020-12-11,1.14
1778,2020-11-13,1.19
1779,2020-11-14,0.94
1780,2020-11-15,0.92
1781,2020-11-16,0.94
1782,2020-11-17,1.41
1783,2020-11-18,2.84
1784,2020-11-19,1.06
1785,2020-11-20,0.77
1786,2020-11-21,0.76
1787,2020-11-22,0.79
1788,2020-11-23,1.85
1789,2020-11-24,4.41
1790,2020-11-25,1.76
1791,2020-11-26,1.52
1792,2020-11-27,3.25
1793,2020-11-28,1.82
1794,2020-11-29,1.2
1795,2020-11-30,0.92
1796,2020-01-12,1.29
1797,2020-02-12,1.69
1798,2020-03-12,4.12
1799,2020-04-12,3.52
1800,2020-05-12,1.26
1801,2020-06-12,1.38
1802,2020-07-12,1.12
1803,2020-08-12,1.07
1804,2020-09-12,0.87
1805,2020-10-12,0.8
1806,2020-11-12,0.77
1807,2020-12-12,0.8
1808,2020-12-13,0.72
1809,2020-12-14,0.79
1810,2020-12-15,0.87
1811,2020-12-16,1.66
1812,2020-12-17,4.66
1813,2020-12-18,5.48
1814,2020-12-19,4.65
1815,2020-12-20,3.56
1816,2020-12-21,1.45
1817,2020-12-22,1.68
1818,2020-12-23,1.37
1819,2020-12-24,1.24
1820,2020-12-25,0.97
1821,2020-12-26,1.33
1822,2020-12-27,1.57
1823,2020-12-28,1.0
1824,2020-12-29,1.14
1825,2020-12-30,1.14
1826,2020-12-31,1.14
