,Date,Sg. Berang Hulu Terengganu (m)
0,2016-01-01,21.43
1,2016-02-01,21.09
2,2016-03-01,20.85
3,2016-04-01,20.72
4,2016-05-01,20.61
5,2016-06-01,20.54
6,2016-07-01,20.48
7,2016-08-01,20.43
8,2016-09-01,20.39
9,2016-10-01,20.36
10,2016-11-01,20.33
11,2016-12-01,20.29
12,2016-01-13,20.27
13,2016-01-14,20.27
14,2016-01-15,20.32
15,2016-01-16,20.3
16,2016-01-17,20.31
17,2016-01-18,20.34
18,2016-01-19,20.26
19,2016-01-20,20.22
20,2016-01-21,20.2
21,2016-01-22,20.63
22,2016-01-23,20.55
23,2016-01-24,20.39
24,2016-01-25,20.51
25,2016-01-26,21.09
26,2016-01-27,21.07
27,2016-01-28,21.06
28,2016-01-29,20.9
29,2016-01-30,20.72
30,2016-01-31,20.61
31,2016-01-02,20.53
32,2016-02-02,20.48
33,2016-03-02,20.66
34,2016-04-02,21.31
35,2016-05-02,21.34
36,2016-06-02,21.8
37,2016-07-02,21.68
38,2016-08-02,21.38
39,2016-09-02,21.1
40,2016-10-02,20.92
41,2016-11-02,20.79
42,2016-12-02,20.69
43,2016-02-13,20.92
44,2016-02-14,20.92
45,2016-02-15,20.66
46,2016-02-16,20.57
47,2016-02-17,20.5
48,2016-02-18,20.46
49,2016-02-19,20.5
50,2016-02-20,20.47
51,2016-02-21,20.41
52,2016-02-22,20.37
53,2016-02-23,20.33
54,2016-02-24,20.3
55,2016-02-25,20.28
56,2016-02-26,20.28
57,2016-02-27,20.64
58,2016-02-28,20.83
59,2016-02-29,20.71
60,2016-01-03,20.55
61,2016-02-03,20.45
62,2016-03-03,20.4
63,2016-04-03,20.35
64,2016-05-03,20.32
65,2016-06-03,20.29
66,2016-07-03,20.29
67,2016-08-03,20.27
68,2016-09-03,20.25
69,2016-10-03,20.24
70,2016-11-03,20.23
71,2016-12-03,20.22
72,2016-03-13,20.22
73,2016-03-14,20.21
74,2016-03-15,20.2
75,2016-03-16,20.18
76,2016-03-17,20.17
77,2016-03-18,20.15
78,2016-03-19,20.14
79,2016-03-20,20.13
80,2016-03-21,20.12
81,2016-03-22,20.12
82,2016-03-23,20.11
83,2016-03-24,20.1
84,2016-03-25,20.09
85,2016-03-26,20.08
86,2016-03-27,20.09
87,2016-03-28,20.14
88,2016-03-29,20.12
89,2016-03-30,19.96
90,2016-03-31,20.01
91,2016-01-04,20.06
92,2016-02-04,20.05
93,2016-03-04,20.04
94,2016-04-04,20.04
95,2016-05-04,20.03
96,2016-06-04,20.02
97,2016-07-04,20.02
98,2016-08-04,20.01
99,2016-09-04,20.01
100,2016-10-04,20.0
101,2016-11-04,20.0
102,2016-12-04,20.01
103,2016-04-13,20.03
104,2016-04-14,20.04
105,2016-04-15,20.05
106,2016-04-16,20.02
107,2016-04-17,20.02
108,2016-04-18,20.0
109,2016-04-19,19.98
110,2016-04-20,19.97
111,2016-04-21,19.97
112,2016-04-22,19.96
113,2016-04-23,19.96
114,2016-04-24,19.97
115,2016-04-25,19.98
116,2016-04-26,19.98
117,2016-04-27,19.98
118,2016-04-28,19.98
119,2016-04-29,19.97
120,2016-04-30,20.01
121,2016-01-05,19.96
122,2016-02-05,19.95
123,2016-03-05,19.95
124,2016-04-05,19.95
125,2016-05-05,19.94
126,2016-06-05,19.94
127,2016-07-05,19.94
128,2016-08-05,19.94
129,2016-09-05,19.94
130,2016-10-05,19.94
131,2016-11-05,19.93
132,2016-12-05,19.93
133,2016-05-13,19.93
134,2016-05-14,19.97
135,2016-05-15,19.96
136,2016-05-16,19.95
137,2016-05-17,19.94
138,2016-05-18,19.93
139,2016-05-19,19.94
140,2016-05-20,19.98
141,2016-05-21,19.96
142,2016-05-22,19.95
143,2016-05-23,19.94
144,2016-05-24,19.93
145,2016-05-25,19.92
146,2016-05-26,19.91
147,2016-05-27,19.91
148,2016-05-28,19.91
149,2016-05-29,20.02
150,2016-05-30,20.0
151,2016-05-31,20.04
152,2016-01-06,19.98
153,2016-02-06,19.96
154,2016-03-06,19.97
155,2016-04-06,20.06
156,2016-05-06,20.01
157,2016-06-06,19.97
158,2016-07-06,19.96
159,2016-08-06,19.96
160,2016-09-06,19.95
161,2016-10-06,19.94
162,2016-11-06,19.94
163,2016-12-06,19.98
164,2016-06-13,19.98
165,2016-06-14,20.0
166,2016-06-15,19.99
167,2016-06-16,19.99
168,2016-06-17,20.14
169,2016-06-18,20.29
170,2016-06-19,20.15
171,2016-06-20,20.07
172,2016-06-21,20.02
173,2016-06-22,20.0
174,2016-06-23,19.98
175,2016-06-24,19.97
176,2016-06-25,19.97
177,2016-06-26,19.99
178,2016-06-27,20.16
179,2016-06-28,20.09
180,2016-06-29,20.03
181,2016-06-30,20.1
182,2016-01-07,19.98
183,2016-02-07,19.97
184,2016-03-07,19.96
185,2016-04-07,19.95
186,2016-05-07,19.95
187,2016-06-07,19.96
188,2016-07-07,19.99
189,2016-08-07,20.0
190,2016-09-07,19.99
191,2016-10-07,19.97
192,2016-11-07,19.97
193,2016-12-07,19.96
194,2016-07-13,19.94
195,2016-07-14,19.96
196,2016-07-15,19.98
197,2016-07-16,20.0
198,2016-07-17,20.0
199,2016-07-18,20.0
200,2016-07-19,20.08
201,2016-07-20,20.07
202,2016-07-21,20.08
203,2016-07-22,20.1
204,2016-07-23,20.05
205,2016-07-24,20.07
206,2016-07-25,20.2
207,2016-07-26,20.19
208,2016-07-27,20.21
209,2016-07-28,20.14
210,2016-07-29,20.13
211,2016-07-30,20.02
212,2016-07-31,23.48
213,2016-01-08,20.01
214,2016-02-08,19.98
215,2016-03-08,19.96
216,2016-04-08,19.95
217,2016-05-08,19.95
218,2016-06-08,19.96
219,2016-07-08,19.94
220,2016-08-08,19.94
221,2016-09-08,19.94
222,2016-10-08,19.93
223,2016-11-08,19.95
224,2016-12-08,19.94
225,2016-08-13,19.94
226,2016-08-14,19.95
227,2016-08-15,19.94
228,2016-08-16,19.93
229,2016-08-17,19.93
230,2016-08-18,19.92
231,2016-08-19,19.92
232,2016-08-20,19.93
233,2016-08-21,19.94
234,2016-08-22,19.94
235,2016-08-23,19.94
236,2016-08-24,19.93
237,2016-08-25,19.97
238,2016-08-26,20.15
239,2016-08-27,20.38
240,2016-08-28,20.17
241,2016-08-29,20.07
242,2016-08-30,19.96
243,2016-08-31,19.96
244,2016-01-09,20.04
245,2016-02-09,20.04
246,2016-03-09,20.05
247,2016-04-09,20.14
248,2016-05-09,20.24
249,2016-06-09,20.55
250,2016-07-09,20.49
251,2016-08-09,20.28
252,2016-09-09,20.16
253,2016-10-09,20.08
254,2016-11-09,20.03
255,2016-12-09,20.03
256,2016-09-13,20.01
257,2016-09-14,20.0
258,2016-09-15,20.02
259,2016-09-16,20.02
260,2016-09-17,20.03
261,2016-09-18,20.03
262,2016-09-19,20.0
263,2016-09-20,20.02
264,2016-09-21,20.0
265,2016-09-22,20.01
266,2016-09-23,20.0
267,2016-09-24,19.99
268,2016-09-25,19.99
269,2016-09-26,19.98
270,2016-09-27,19.97
271,2016-09-28,19.98
272,2016-09-29,19.97
273,2016-09-30,20.09
274,2016-01-10,19.96
275,2016-02-10,19.95
276,2016-03-10,19.95
277,2016-04-10,19.95
278,2016-05-10,19.95
279,2016-06-10,20.02
280,2016-07-10,19.99
281,2016-08-10,20.02
282,2016-09-10,20.05
283,2016-10-10,20.0
284,2016-11-10,19.97
285,2016-12-10,19.96
286,2016-10-13,19.95
287,2016-10-14,20.0
288,2016-10-15,20.08
289,2016-10-16,20.08
290,2016-10-17,20.02
291,2016-10-18,19.97
292,2016-10-19,19.96
293,2016-10-20,19.96
294,2016-10-21,20.02
295,2016-10-22,20.16
296,2016-10-23,20.05
297,2016-10-24,20.02
298,2016-10-25,19.98
299,2016-10-26,19.97
300,2016-10-27,19.99
301,2016-10-28,20.01
302,2016-10-29,20.09
303,2016-10-30,20.67
304,2016-10-31,20.67
305,2016-01-11,20.12
306,2016-02-11,20.1
307,2016-03-11,20.04
308,2016-04-11,20.01
309,2016-05-11,20.01
310,2016-06-11,20.01
311,2016-07-11,20.07
312,2016-08-11,20.1
313,2016-09-11,20.18
314,2016-10-11,20.15
315,2016-11-11,20.12
316,2016-12-11,20.11
317,2016-11-13,20.11
318,2016-11-14,20.08
319,2016-11-15,20.15
320,2016-11-16,21.23
321,2016-11-17,20.39
322,2016-11-18,20.27
323,2016-11-19,20.46
324,2016-11-20,20.51
325,2016-11-21,20.44
326,2016-11-22,20.33
327,2016-11-23,20.28
328,2016-11-24,20.25
329,2016-11-25,20.23
330,2016-11-26,20.23
331,2016-11-27,20.24
332,2016-11-28,20.21
333,2016-11-29,21.26
334,2016-11-30,20.88
335,2016-01-12,20.83
336,2016-02-12,20.8
337,2016-03-12,20.9
338,2016-04-12,20.7
339,2016-05-12,20.59
340,2016-06-12,20.59
341,2016-07-12,20.56
342,2016-08-12,20.45
343,2016-09-12,20.4
344,2016-10-12,20.72
345,2016-11-12,20.62
346,2016-12-12,20.44
347,2016-12-13,20.37
348,2016-12-14,20.32
349,2016-12-15,20.27
350,2016-12-16,20.31
351,2016-12-17,20.3
352,2016-12-18,20.26
353,2016-12-19,20.3
354,2016-12-20,20.25
355,2016-12-21,20.22
356,2016-12-22,20.24
357,2016-12-23,20.82
358,2016-12-24,20.99
359,2016-12-25,21.14
360,2016-12-26,21.67
361,2016-12-27,21.37
362,2016-12-28,20.94
363,2016-12-29,20.72
364,2016-12-30,20.72
365,2016-12-31,20.72
366,2017-01-01,22.67
367,2017-02-01,23.25
368,2017-03-01,25.32
369,2017-04-01,23.3
370,2017-05-01,21.8
371,2017-06-01,21.34
372,2017-07-01,21.08
373,2017-08-01,20.88
374,2017-09-01,20.75
375,2017-10-01,20.65
376,2017-11-01,20.58
377,2017-12-01,20.5
378,2017-01-13,20.43
379,2017-01-14,20.38
380,2017-01-15,20.33
381,2017-01-16,20.29
382,2017-01-17,20.49
383,2017-01-18,20.36
384,2017-01-19,22.29
385,2017-01-20,22.22
386,2017-01-21,24.87
387,2017-01-22,23.27
388,2017-01-23,22.45
389,2017-01-24,23.15
390,2017-01-25,22.47
391,2017-01-26,22.16
392,2017-01-27,22.01
393,2017-01-28,21.37
394,2017-01-29,21.08
395,2017-01-30,20.92
396,2017-01-31,20.8
397,2017-01-02,20.69
398,2017-02-02,20.61
399,2017-03-02,20.61
400,2017-04-02,20.53
401,2017-05-02,20.44
402,2017-06-02,20.4
403,2017-07-02,20.36
404,2017-08-02,20.34
405,2017-09-02,20.31
406,2017-10-02,20.32
407,2017-11-02,20.42
408,2017-12-02,20.4
409,2017-02-13,20.55
410,2017-02-14,20.67
411,2017-02-15,20.71
412,2017-02-16,20.58
413,2017-02-17,20.5
414,2017-02-18,20.64
415,2017-02-19,20.56
416,2017-02-20,20.43
417,2017-02-21,20.38
418,2017-02-22,20.34
419,2017-02-23,20.33
420,2017-02-24,20.33
421,2017-02-25,20.38
422,2017-02-26,20.75
423,2017-02-27,20.98
424,2017-02-28,20.8
425,2017-01-03,21.08
426,2017-02-03,21.14
427,2017-03-03,20.82
428,2017-04-03,20.65
429,2017-05-03,20.55
430,2017-06-03,20.48
431,2017-07-03,20.43
432,2017-08-03,20.39
433,2017-09-03,20.36
434,2017-10-03,20.33
435,2017-11-03,20.31
436,2017-12-03,20.29
437,2017-03-13,20.26
438,2017-03-14,20.24
439,2017-03-15,20.26
440,2017-03-16,20.27
441,2017-03-17,20.21
442,2017-03-18,20.19
443,2017-03-19,20.21
444,2017-03-20,20.18
445,2017-03-21,20.2
446,2017-03-22,20.17
447,2017-03-23,20.13
448,2017-03-24,20.13
449,2017-03-25,20.14
450,2017-03-26,20.15
451,2017-03-27,20.14
452,2017-03-28,20.26
453,2017-03-29,20.15
454,2017-03-30,20.12
455,2017-03-31,20.43
456,2017-01-04,20.4
457,2017-02-04,20.31
458,2017-03-04,20.28
459,2017-04-04,20.2
460,2017-05-04,20.16
461,2017-06-04,20.18
462,2017-07-04,20.26
463,2017-08-04,20.2
464,2017-09-04,20.23
465,2017-10-04,20.46
466,2017-11-04,20.31
467,2017-12-04,20.28
468,2017-04-13,20.22
469,2017-04-14,20.23
470,2017-04-15,20.2
471,2017-04-16,20.15
472,2017-04-17,20.13
473,2017-04-18,20.14
474,2017-04-19,20.16
475,2017-04-20,20.21
476,2017-04-21,20.22
477,2017-04-22,20.16
478,2017-04-23,20.16
479,2017-04-24,20.24
480,2017-04-25,20.33
481,2017-04-26,20.22
482,2017-04-27,20.16
483,2017-04-28,20.14
484,2017-04-29,20.21
485,2017-04-30,20.18
486,2017-01-05,20.1
487,2017-02-05,20.08
488,2017-03-05,20.19
489,2017-04-05,20.12
490,2017-05-05,20.09
491,2017-06-05,20.07
492,2017-07-05,20.13
493,2017-08-05,20.12
494,2017-09-05,20.11
495,2017-10-05,20.5
496,2017-11-05,20.43
497,2017-12-05,20.25
498,2017-05-13,20.19
499,2017-05-14,20.22
500,2017-05-15,20.21
501,2017-05-16,20.2
502,2017-05-17,20.15
503,2017-05-18,20.19
504,2017-05-19,20.17
505,2017-05-20,20.13
506,2017-05-21,20.12
507,2017-05-22,20.11
508,2017-05-23,20.11
509,2017-05-24,20.11
510,2017-05-25,20.29
511,2017-05-26,20.24
512,2017-05-27,20.17
513,2017-05-28,20.14
514,2017-05-29,20.14
515,2017-05-30,20.1
516,2017-05-31,20.5
517,2017-01-06,20.27
518,2017-02-06,20.19
519,2017-03-06,20.17
520,2017-04-06,20.17
521,2017-05-06,20.27
522,2017-06-06,20.17
523,2017-07-06,20.14
524,2017-08-06,20.12
525,2017-09-06,20.11
526,2017-10-06,20.17
527,2017-11-06,20.12
528,2017-12-06,20.1
529,2017-06-13,20.08
530,2017-06-14,20.08
531,2017-06-15,20.23
532,2017-06-16,20.32
533,2017-06-17,20.35
534,2017-06-18,20.25
535,2017-06-19,20.24
536,2017-06-20,20.3
537,2017-06-21,20.2
538,2017-06-22,20.17
539,2017-06-23,20.14
540,2017-06-24,20.12
541,2017-06-25,20.11
542,2017-06-26,20.13
543,2017-06-27,20.11
544,2017-06-28,20.1
545,2017-06-29,20.08
546,2017-06-30,20.05
547,2017-01-07,20.09
548,2017-02-07,20.11
549,2017-03-07,20.37
550,2017-04-07,20.25
551,2017-05-07,20.33
552,2017-06-07,20.48
553,2017-07-07,20.34
554,2017-08-07,20.31
555,2017-09-07,20.28
556,2017-10-07,20.29
557,2017-11-07,20.33
558,2017-12-07,20.31
559,2017-07-13,20.24
560,2017-07-14,20.21
561,2017-07-15,20.18
562,2017-07-16,20.16
563,2017-07-17,20.14
564,2017-07-18,20.13
565,2017-07-19,20.12
566,2017-07-20,20.11
567,2017-07-21,20.1
568,2017-07-22,20.1
569,2017-07-23,20.08
570,2017-07-24,20.08
571,2017-07-25,20.06
572,2017-07-26,20.05
573,2017-07-27,20.04
574,2017-07-28,20.13
575,2017-07-29,20.66
576,2017-07-30,20.37
577,2017-07-31,22.33
578,2017-01-08,20.11
579,2017-02-08,20.06
580,2017-03-08,20.03
581,2017-04-08,20.02
582,2017-05-08,20.01
583,2017-06-08,20.01
584,2017-07-08,20.01
585,2017-08-08,20.06
586,2017-09-08,20.04
587,2017-10-08,20.03
588,2017-11-08,20.05
589,2017-12-08,20.04
590,2017-08-13,20.2
591,2017-08-14,20.11
592,2017-08-15,20.09
593,2017-08-16,20.07
594,2017-08-17,20.04
595,2017-08-18,20.02
596,2017-08-19,20.01
597,2017-08-20,20.08
598,2017-08-21,20.02
599,2017-08-22,20.11
600,2017-08-23,20.1
601,2017-08-24,20.04
602,2017-08-25,20.1
603,2017-08-26,20.12
604,2017-08-27,20.13
605,2017-08-28,20.36
606,2017-08-29,20.28
607,2017-08-30,20.22
608,2017-08-31,20.22
609,2017-01-09,20.3
610,2017-02-09,20.38
611,2017-03-09,20.28
612,2017-04-09,20.25
613,2017-05-09,20.25
614,2017-06-09,20.24
615,2017-07-09,20.18
616,2017-08-09,20.15
617,2017-09-09,20.12
618,2017-10-09,20.12
619,2017-11-09,20.24
620,2017-12-09,20.16
621,2017-09-13,20.24
622,2017-09-14,20.17
623,2017-09-15,20.13
624,2017-09-16,20.1
625,2017-09-17,20.26
626,2017-09-18,20.2
627,2017-09-19,20.16
628,2017-09-20,20.27
629,2017-09-21,20.24
630,2017-09-22,20.16
631,2017-09-23,20.15
632,2017-09-24,20.14
633,2017-09-25,20.2
634,2017-09-26,20.29
635,2017-09-27,20.2
636,2017-09-28,20.51
637,2017-09-29,20.24
638,2017-09-30,20.64
639,2017-01-10,20.25
640,2017-02-10,20.19
641,2017-03-10,20.23
642,2017-04-10,20.16
643,2017-05-10,20.13
644,2017-06-10,20.11
645,2017-07-10,20.19
646,2017-08-10,20.19
647,2017-09-10,20.27
648,2017-10-10,20.29
649,2017-11-10,20.18
650,2017-12-10,20.2
651,2017-10-13,20.29
652,2017-10-14,20.17
653,2017-10-15,20.29
654,2017-10-16,20.16
655,2017-10-17,20.14
656,2017-10-18,20.11
657,2017-10-19,20.12
658,2017-10-20,20.13
659,2017-10-21,20.12
660,2017-10-22,20.08
661,2017-10-23,20.1
662,2017-10-24,20.13
663,2017-10-25,20.11
664,2017-10-26,20.15
665,2017-10-27,20.29
666,2017-10-28,20.26
667,2017-10-29,21.15
668,2017-10-30,21.79
669,2017-10-31,21.79
670,2017-01-11,20.28
671,2017-02-11,20.29
672,2017-03-11,20.31
673,2017-04-11,20.23
674,2017-05-11,20.22
675,2017-06-11,20.2
676,2017-07-11,20.31
677,2017-08-11,20.43
678,2017-09-11,20.29
679,2017-10-11,20.23
680,2017-11-11,20.24
681,2017-12-11,20.25
682,2017-11-13,20.52
683,2017-11-14,20.59
684,2017-11-15,20.38
685,2017-11-16,20.32
686,2017-11-17,20.29
687,2017-11-18,20.25
688,2017-11-19,20.22
689,2017-11-20,20.22
690,2017-11-21,20.26
691,2017-11-22,20.24
692,2017-11-23,20.31
693,2017-11-24,20.36
694,2017-11-25,20.42
695,2017-11-26,21.41
696,2017-11-27,22.84
697,2017-11-28,22.31
698,2017-11-29,22.95
699,2017-11-30,21.7
700,2017-01-12,22.07
701,2017-02-12,21.82
702,2017-03-12,21.17
703,2017-04-12,21.04
704,2017-05-12,21.17
705,2017-06-12,20.89
706,2017-07-12,20.9
707,2017-08-12,21.37
708,2017-09-12,21.05
709,2017-10-12,20.85
710,2017-11-12,20.71
711,2017-12-12,20.65
712,2017-12-13,20.58
713,2017-12-14,20.53
714,2017-12-15,20.49
715,2017-12-16,20.46
716,2017-12-17,20.45
717,2017-12-18,20.52
718,2017-12-19,20.44
719,2017-12-20,20.4
720,2017-12-21,20.38
721,2017-12-22,20.43
722,2017-12-23,20.92
723,2017-12-24,20.75
724,2017-12-25,20.52
725,2017-12-26,20.46
726,2017-12-27,20.68
727,2017-12-28,20.77
728,2017-12-29,20.77
729,2017-12-30,20.77
730,2017-12-31,20.77
731,2018-01-01,23.37
732,2018-02-01,23.39
733,2018-03-01,22.94
734,2018-04-01,22.77
735,2018-05-01,21.69
736,2018-06-01,21.57
737,2018-07-01,21.22
738,2018-08-01,21.22
739,2018-09-01,20.94
740,2018-10-01,20.86
741,2018-11-01,20.89
742,2018-12-01,21.09
743,2018-01-13,20.91
744,2018-01-14,20.77
745,2018-01-15,20.66
746,2018-01-16,20.59
747,2018-01-17,20.53
748,2018-01-18,20.47
749,2018-01-19,20.62
750,2018-01-20,21.19
751,2018-01-21,21.96
752,2018-01-22,20.75
753,2018-01-23,20.69
754,2018-01-24,20.66
755,2018-01-25,20.62
756,2018-01-26,20.74
757,2018-01-27,20.64
758,2018-01-28,20.58
759,2018-01-29,20.54
760,2018-01-30,20.49
761,2018-01-31,20.46
762,2018-01-02,20.48
763,2018-02-02,20.81
764,2018-03-02,20.53
765,2018-04-02,20.48
766,2018-05-02,20.44
767,2018-06-02,20.4
768,2018-07-02,20.37
769,2018-08-02,20.35
770,2018-09-02,20.33
771,2018-10-02,20.31
772,2018-11-02,20.29
773,2018-12-02,20.29
774,2018-02-13,20.45
775,2018-02-14,20.46
776,2018-02-15,20.31
777,2018-02-16,20.28
778,2018-02-17,20.26
779,2018-02-18,20.25
780,2018-02-19,20.28
781,2018-02-20,20.24
782,2018-02-21,20.22
783,2018-02-22,20.21
784,2018-02-23,20.72
785,2018-02-24,20.67
786,2018-02-25,20.37
787,2018-02-26,20.29
788,2018-02-27,20.26
789,2018-02-28,20.24
790,2018-01-03,20.23
791,2018-02-03,20.21
792,2018-03-03,20.2
793,2018-04-03,20.19
794,2018-05-03,20.18
795,2018-06-03,20.19
796,2018-07-03,20.52
797,2018-08-03,20.47
798,2018-09-03,20.34
799,2018-10-03,20.33
800,2018-11-03,20.27
801,2018-12-03,20.24
802,2018-03-13,20.21
803,2018-03-14,20.19
804,2018-03-15,20.26
805,2018-03-16,20.25
806,2018-03-17,20.19
807,2018-03-18,20.17
808,2018-03-19,20.15
809,2018-03-20,20.15
810,2018-03-21,20.14
811,2018-03-22,20.13
812,2018-03-23,20.14
813,2018-03-24,20.14
814,2018-03-25,20.12
815,2018-03-26,20.15
816,2018-03-27,20.11
817,2018-03-28,20.09
818,2018-03-29,20.18
819,2018-03-30,20.35
820,2018-03-31,20.11
821,2018-01-04,20.09
822,2018-02-04,20.08
823,2018-03-04,20.05
824,2018-04-04,20.04
825,2018-05-04,20.03
826,2018-06-04,20.03
827,2018-07-04,20.02
828,2018-08-04,20.16
829,2018-09-04,20.12
830,2018-10-04,20.11
831,2018-11-04,20.1
832,2018-12-04,20.05
833,2018-04-13,20.04
834,2018-04-14,20.03
835,2018-04-15,20.03
836,2018-04-16,20.0
837,2018-04-17,20.0
838,2018-04-18,20.05
839,2018-04-19,20.03
840,2018-04-20,20.03
841,2018-04-21,20.0
842,2018-04-22,19.99
843,2018-04-23,20.01
844,2018-04-24,20.05
845,2018-04-25,20.12
846,2018-04-26,20.2
847,2018-04-27,20.14
848,2018-04-28,20.09
849,2018-04-29,20.34
850,2018-04-30,20.21
851,2018-01-05,20.17
852,2018-02-05,20.1
853,2018-03-05,20.06
854,2018-04-05,20.04
855,2018-05-05,20.07
856,2018-06-05,20.1
857,2018-07-05,20.13
858,2018-08-05,20.14
859,2018-09-05,20.13
860,2018-10-05,20.07
861,2018-11-05,20.04
862,2018-12-05,20.07
863,2018-05-13,20.18
864,2018-05-14,20.16
865,2018-05-15,20.24
866,2018-05-16,20.25
867,2018-05-17,20.14
868,2018-05-18,20.09
869,2018-05-19,20.06
870,2018-05-20,20.04
871,2018-05-21,20.03
872,2018-05-22,20.06
873,2018-05-23,20.06
874,2018-05-24,20.02
875,2018-05-25,20.01
876,2018-05-26,20.0
877,2018-05-27,20.0
878,2018-05-28,19.99
879,2018-05-29,20.19
880,2018-05-30,20.12
881,2018-05-31,20.06
882,2018-01-06,20.26
883,2018-02-06,20.21
884,2018-03-06,20.11
885,2018-04-06,20.07
886,2018-05-06,20.1
887,2018-06-06,20.06
888,2018-07-06,20.04
889,2018-08-06,20.03
890,2018-09-06,20.02
891,2018-10-06,20.01
892,2018-11-06,20.05
893,2018-12-06,20.01
894,2018-06-13,20.0
895,2018-06-14,19.99
896,2018-06-15,20.0
897,2018-06-16,19.99
898,2018-06-17,19.98
899,2018-06-18,19.98
900,2018-06-19,20.0
901,2018-06-20,19.98
902,2018-06-21,20.14
903,2018-06-22,20.09
904,2018-06-23,20.38
905,2018-06-24,20.23
906,2018-06-25,20.4
907,2018-06-26,20.18
908,2018-06-27,20.1
909,2018-06-28,20.1
910,2018-06-29,20.25
911,2018-06-30,20.23
912,2018-01-07,20.1
913,2018-02-07,20.09
914,2018-03-07,20.05
915,2018-04-07,20.03
916,2018-05-07,20.02
917,2018-06-07,20.01
918,2018-07-07,20.0
919,2018-08-07,19.99
920,2018-09-07,19.99
921,2018-10-07,19.98
922,2018-11-07,19.98
923,2018-12-07,19.97
924,2018-07-13,19.97
925,2018-07-14,19.96
926,2018-07-15,19.96
927,2018-07-16,19.95
928,2018-07-17,19.96
929,2018-07-18,19.99
930,2018-07-19,20.0
931,2018-07-20,20.09
932,2018-07-21,20.07
933,2018-07-22,19.98
934,2018-07-23,19.98
935,2018-07-24,20.23
936,2018-07-25,20.31
937,2018-07-26,20.27
938,2018-07-27,20.15
939,2018-07-28,20.2
940,2018-07-29,19.98
941,2018-07-30,19.97
942,2018-07-31,20.39
943,2018-01-08,20.23
944,2018-02-08,20.14
945,2018-03-08,20.09
946,2018-04-08,20.07
947,2018-05-08,20.05
948,2018-06-08,20.07
949,2018-07-08,20.05
950,2018-08-08,20.09
951,2018-09-08,20.03
952,2018-10-08,20.03
953,2018-11-08,20.04
954,2018-12-08,20.01
955,2018-08-13,20.0
956,2018-08-14,20.0
957,2018-08-15,19.99
958,2018-08-16,19.99
959,2018-08-17,20.01
960,2018-08-18,20.05
961,2018-08-19,19.99
962,2018-08-20,20.0
963,2018-08-21,20.01
964,2018-08-22,20.06
965,2018-08-23,20.0
966,2018-08-24,19.98
967,2018-08-25,19.98
968,2018-08-26,20.0
969,2018-08-27,19.98
970,2018-08-28,20.01
971,2018-08-29,20.11
972,2018-08-30,20.11
973,2018-08-31,20.11
974,2018-01-09,20.09
975,2018-02-09,20.35
976,2018-03-09,20.16
977,2018-04-09,20.09
978,2018-05-09,20.04
979,2018-06-09,20.05
980,2018-07-09,20.24
981,2018-08-09,20.15
982,2018-09-09,20.06
983,2018-10-09,20.06
984,2018-11-09,20.14
985,2018-12-09,20.12
986,2018-09-13,20.05
987,2018-09-14,20.08
988,2018-09-15,20.1
989,2018-09-16,20.09
990,2018-09-17,20.05
991,2018-09-18,20.05
992,2018-09-19,20.24
993,2018-09-20,20.18
994,2018-09-21,20.1
995,2018-09-22,20.18
996,2018-09-23,20.09
997,2018-09-24,20.06
998,2018-09-25,20.08
999,2018-09-26,20.17
1000,2018-09-27,20.12
1001,2018-09-28,20.15
1002,2018-09-29,20.28
1003,2018-09-30,20.39
1004,2018-01-10,20.11
1005,2018-02-10,20.13
1006,2018-03-10,20.11
1007,2018-04-10,20.3
1008,2018-05-10,20.22
1009,2018-06-10,20.18
1010,2018-07-10,20.2
1011,2018-08-10,20.17
1012,2018-09-10,20.15
1013,2018-10-10,20.12
1014,2018-11-10,20.16
1015,2018-12-10,20.13
1016,2018-10-13,20.25
1017,2018-10-14,20.5
1018,2018-10-15,20.28
1019,2018-10-16,20.21
1020,2018-10-17,20.2
1021,2018-10-18,20.3
1022,2018-10-19,20.48
1023,2018-10-20,20.31
1024,2018-10-21,20.32
1025,2018-10-22,20.27
1026,2018-10-23,20.27
1027,2018-10-24,20.34
1028,2018-10-25,20.43
1029,2018-10-26,20.42
1030,2018-10-27,20.32
1031,2018-10-28,20.26
1032,2018-10-29,20.33
1033,2018-10-30,20.63
1034,2018-10-31,20.63
1035,2018-01-11,20.27
1036,2018-02-11,20.62
1037,2018-03-11,20.84
1038,2018-04-11,20.57
1039,2018-05-11,21.1
1040,2018-06-11,21.01
1041,2018-07-11,20.65
1042,2018-08-11,20.87
1043,2018-09-11,20.61
1044,2018-10-11,20.57
1045,2018-11-11,20.53
1046,2018-12-11,20.49
1047,2018-11-13,20.42
1048,2018-11-14,20.43
1049,2018-11-15,20.36
1050,2018-11-16,20.33
1051,2018-11-17,20.41
1052,2018-11-18,20.33
1053,2018-11-19,20.45
1054,2018-11-20,20.34
1055,2018-11-21,20.32
1056,2018-11-22,20.3
1057,2018-11-23,20.25
1058,2018-11-24,20.22
1059,2018-11-25,20.21
1060,2018-11-26,20.22
1061,2018-11-27,20.18
1062,2018-11-28,20.27
1063,2018-11-29,20.39
1064,2018-11-30,20.38
1065,2018-01-12,21.08
1066,2018-02-12,20.87
1067,2018-03-12,20.66
1068,2018-04-12,20.87
1069,2018-05-12,21.29
1070,2018-06-12,21.47
1071,2018-07-12,20.9
1072,2018-08-12,20.81
1073,2018-09-12,20.84
1074,2018-10-12,20.68
1075,2018-11-12,20.6
1076,2018-12-12,22.0
1077,2018-12-13,23.33
1078,2018-12-14,21.98
1079,2018-12-15,23.28
1080,2018-12-16,21.74
1081,2018-12-17,21.74
1082,2018-12-18,21.21
1083,2018-12-19,21.0
1084,2018-12-20,20.85
1085,2018-12-21,20.74
1086,2018-12-22,20.65
1087,2018-12-23,20.59
1088,2018-12-24,20.55
1089,2018-12-25,20.5
1090,2018-12-26,20.46
1091,2018-12-27,20.43
1092,2018-12-28,20.43
1093,2018-12-29,20.43
1094,2018-12-30,20.43
1095,2018-12-31,20.43
1096,2019-01-01,20.34
1097,2019-02-01,20.37
1098,2019-03-01,20.32
1099,2019-04-01,20.3
1100,2019-05-01,20.27
1101,2019-06-01,20.56
1102,2019-07-01,20.44
1103,2019-08-01,20.36
1104,2019-09-01,20.85
1105,2019-10-01,20.68
1106,2019-11-01,20.54
1107,2019-12-01,20.53
1108,2019-01-13,21.04
1109,2019-01-14,20.58
1110,2019-01-15,20.47
1111,2019-01-16,20.67
1112,2019-01-17,20.87
1113,2019-01-18,20.64
1114,2019-01-19,20.6
1115,2019-01-20,20.55
1116,2019-01-21,20.47
1117,2019-01-22,20.42
1118,2019-01-23,20.42
1119,2019-01-24,20.4
1120,2019-01-25,20.37
1121,2019-01-26,20.34
1122,2019-01-27,20.34
1123,2019-01-28,20.35
1124,2019-01-29,20.39
1125,2019-01-30,20.32
1126,2019-01-31,20.32
1127,2019-01-02,20.3
1128,2019-02-02,20.73
1129,2019-03-02,20.54
1130,2019-04-02,20.41
1131,2019-05-02,20.35
1132,2019-06-02,20.32
1133,2019-07-02,20.3
1134,2019-08-02,20.28
1135,2019-09-02,20.26
1136,2019-10-02,20.25
1137,2019-11-02,20.24
1138,2019-12-02,20.35
1139,2019-02-13,21.42
1140,2019-02-14,20.64
1141,2019-02-15,20.46
1142,2019-02-16,20.4
1143,2019-02-17,20.36
1144,2019-02-18,20.34
1145,2019-02-19,20.35
1146,2019-02-20,20.31
1147,2019-02-21,20.29
1148,2019-02-22,20.27
1149,2019-02-23,20.26
1150,2019-02-24,20.25
1151,2019-02-25,20.24
1152,2019-02-26,20.32
1153,2019-02-27,20.3
1154,2019-02-28,20.23
1155,2019-01-03,20.21
1156,2019-02-03,20.2
1157,2019-03-03,20.19
1158,2019-04-03,20.17
1159,2019-05-03,20.16
1160,2019-06-03,20.16
1161,2019-07-03,20.16
1162,2019-08-03,20.16
1163,2019-09-03,20.15
1164,2019-10-03,20.14
1165,2019-11-03,20.26
1166,2019-12-03,20.21
1167,2019-03-13,20.16
1168,2019-03-14,20.13
1169,2019-03-15,20.13
1170,2019-03-16,20.12
1171,2019-03-17,20.11
1172,2019-03-18,20.11
1173,2019-03-19,20.1
1174,2019-03-20,20.1
1175,2019-03-21,20.09
1176,2019-03-22,20.09
1177,2019-03-23,20.08
1178,2019-03-24,20.07
1179,2019-03-25,20.08
1180,2019-03-26,20.07
1181,2019-03-27,20.08
1182,2019-03-28,20.06
1183,2019-03-29,20.0
1184,2019-03-30,20.04
1185,2019-03-31,20.12
1186,2019-01-04,20.32
1187,2019-02-04,20.23
1188,2019-03-04,20.2
1189,2019-04-04,20.14
1190,2019-05-04,20.12
1191,2019-06-04,20.1
1192,2019-07-04,20.11
1193,2019-08-04,20.07
1194,2019-09-04,20.04
1195,2019-10-04,20.04
1196,2019-11-04,20.13
1197,2019-12-04,20.09
1198,2019-04-13,20.11
1199,2019-04-14,20.14
1200,2019-04-15,20.07
1201,2019-04-16,20.05
1202,2019-04-17,20.04
1203,2019-04-18,20.02
1204,2019-04-19,20.02
1205,2019-04-20,20.02
1206,2019-04-21,20.01
1207,2019-04-22,20.01
1208,2019-04-23,20.02
1209,2019-04-24,20.02
1210,2019-04-25,20.0
1211,2019-04-26,19.99
1212,2019-04-27,20.01
1213,2019-04-28,20.04
1214,2019-04-29,20.16
1215,2019-04-30,20.16
1216,2019-01-05,20.02
1217,2019-02-05,20.01
1218,2019-03-05,20.01
1219,2019-04-05,20.11
1220,2019-05-05,20.06
1221,2019-06-05,20.04
1222,2019-07-05,20.15
1223,2019-08-05,20.17
1224,2019-09-05,20.1
1225,2019-10-05,20.04
1226,2019-11-05,20.04
1227,2019-12-05,20.04
1228,2019-05-13,20.03
1229,2019-05-14,20.26
1230,2019-05-15,20.3
1231,2019-05-16,20.15
1232,2019-05-17,20.09
1233,2019-05-18,20.11
1234,2019-05-19,20.08
1235,2019-05-20,20.06
1236,2019-05-21,20.16
1237,2019-05-22,20.17
1238,2019-05-23,20.1
1239,2019-05-24,20.11
1240,2019-05-25,20.16
1241,2019-05-26,20.12
1242,2019-05-27,20.21
1243,2019-05-28,20.12
1244,2019-05-29,20.01
1245,2019-05-30,20.0
1246,2019-05-31,20.0
1247,2019-01-06,20.1
1248,2019-02-06,20.1
1249,2019-03-06,20.09
1250,2019-04-06,20.07
1251,2019-05-06,20.1
1252,2019-06-06,20.21
1253,2019-07-06,20.13
1254,2019-08-06,20.11
1255,2019-09-06,20.18
1256,2019-10-06,20.1
1257,2019-11-06,20.15
1258,2019-12-06,20.09
1259,2019-06-13,20.06
1260,2019-06-14,20.06
1261,2019-06-15,20.07
1262,2019-06-16,20.07
1263,2019-06-17,20.07
1264,2019-06-18,20.06
1265,2019-06-19,20.07
1266,2019-06-20,20.04
1267,2019-06-21,20.03
1268,2019-06-22,20.1
1269,2019-06-23,20.13
1270,2019-06-24,20.06
1271,2019-06-25,20.04
1272,2019-06-26,20.02
1273,2019-06-27,20.03
1274,2019-06-28,20.01
1275,2019-06-29,20.04
1276,2019-06-30,20.04
1277,2019-01-07,20.0
1307,2019-07-31,20.39
1336,2019-08-29,20.04
1337,2019-08-30,20.03
1338,2019-08-31,20.03
1364,2019-09-26,20.17
1365,2019-09-27,20.12
1366,2019-09-28,20.08
1367,2019-09-29,20.05
1368,2019-09-30,20.11
1369,2019-01-10,20.18
1370,2019-02-10,20.13
1371,2019-03-10,20.1
1372,2019-04-10,20.12
1373,2019-05-10,20.4
1374,2019-06-10,20.28
1375,2019-07-10,20.19
1376,2019-08-10,20.11
1377,2019-09-10,19.97
1378,2019-10-10,20.01
1379,2019-11-10,20.06
1380,2019-12-10,20.18
1381,2019-10-13,20.53
1382,2019-10-14,20.29
1383,2019-10-15,20.19
1384,2019-10-16,20.09
1385,2019-10-17,20.08
1386,2019-10-18,20.18
1387,2019-10-19,20.12
1388,2019-10-20,20.09
1389,2019-10-21,20.04
1390,2019-10-22,20.05
1391,2019-10-23,20.07
1392,2019-10-24,20.05
1393,2019-10-25,20.0
1394,2019-10-26,20.01
1395,2019-10-27,19.98
1396,2019-10-28,19.97
1397,2019-10-29,24.24
1398,2019-10-30,23.45
1399,2019-10-31,23.45
1400,2019-01-11,20.05
1401,2019-02-11,20.07
1402,2019-03-11,20.07
1403,2019-04-11,20.07
1404,2019-05-11,20.07
1405,2019-06-11,20.07
1406,2019-07-11,20.07
1407,2019-08-11,20.07
1408,2019-09-11,20.07
1409,2019-10-11,20.09
1410,2019-11-11,20.17
1411,2019-12-11,20.32
1412,2019-11-13,20.41
1413,2019-11-14,20.3
1414,2019-11-15,20.28
1415,2019-11-16,20.25
1416,2019-11-17,20.27
1417,2019-11-18,20.31
1418,2019-11-19,20.28
1419,2019-11-20,20.63
1420,2019-11-21,20.6
1421,2019-11-22,21.53
1422,2019-11-23,20.96
1423,2019-11-24,20.58
1424,2019-11-25,20.47
1425,2019-11-26,20.41
1426,2019-11-27,21.14
1427,2019-11-28,22.15
1428,2019-11-29,20.45
1429,2019-11-30,20.41
1430,2019-01-12,24.76
1431,2019-02-12,23.26
1432,2019-03-12,21.95
1433,2019-04-12,21.38
1434,2019-05-12,21.11
1435,2019-06-12,20.93
1436,2019-07-12,20.87
1437,2019-08-12,21.85
1438,2019-09-12,21.55
1439,2019-10-12,21.21
1440,2019-11-12,20.97
1441,2019-12-12,20.81
1442,2019-12-13,20.71
1443,2019-12-14,21.1
1444,2019-12-15,21.2
1445,2019-12-16,21.59
1446,2019-12-17,21.93
1447,2019-12-18,24.13
1448,2019-12-19,22.17
1449,2019-12-20,21.46
1450,2019-12-21,21.11
1451,2019-12-22,20.89
1452,2019-12-23,20.77
1453,2019-12-24,20.67
1454,2019-12-25,20.58
1455,2019-12-26,20.54
1456,2019-12-27,20.5
1457,2019-12-28,20.47
1458,2019-12-29,20.47
1459,2019-12-30,20.47
1460,2019-12-31,20.47
1461,2020-01-01,20.42
1462,2020-02-01,20.84
1463,2020-03-01,20.76
1464,2020-04-01,20.7
1465,2020-05-01,20.5
1466,2020-06-01,20.47
1467,2020-07-01,20.43
1468,2020-08-01,20.41
1469,2020-09-01,20.42
1470,2020-10-01,20.35
1471,2020-11-01,20.31
1472,2020-12-01,20.29
1473,2020-01-13,20.27
1474,2020-01-14,20.26
1475,2020-01-15,20.25
1476,2020-01-16,20.23
1477,2020-01-17,20.24
1478,2020-01-18,20.27
1479,2020-01-19,20.46
1480,2020-01-20,20.41
1481,2020-01-21,20.4
1482,2020-01-22,20.31
1483,2020-01-23,20.27
1484,2020-01-24,20.23
1485,2020-01-25,20.21
1486,2020-01-26,20.2
1487,2020-01-27,20.2
1488,2020-01-28,20.26
1489,2020-01-29,20.25
1490,2020-01-30,20.2
1491,2020-01-31,20.43
1492,2020-01-02,20.74
1493,2020-02-02,20.45
1494,2020-03-02,20.34
1495,2020-04-02,20.29
1496,2020-05-02,20.27
1497,2020-06-02,20.24
1498,2020-07-02,20.22
1499,2020-08-02,20.19
1500,2020-09-02,20.46
1501,2020-10-02,21.25
1502,2020-11-02,21.15
1503,2020-12-02,21.2
1504,2020-02-13,20.92
1505,2020-02-14,20.69
1506,2020-02-15,20.57
1507,2020-02-16,20.49
1508,2020-02-17,20.58
1509,2020-02-18,21.32
1510,2020-02-19,20.68
1511,2020-02-20,20.56
1512,2020-02-21,20.66
1513,2020-02-22,20.84
1514,2020-02-23,21.19
1515,2020-02-24,21.1
1516,2020-02-25,20.8
1517,2020-02-26,20.66
1518,2020-02-27,20.57
1519,2020-02-28,20.51
1520,2020-02-29,20.46
1521,2020-01-03,20.42
1522,2020-02-03,20.4
1523,2020-03-03,20.37
1524,2020-04-03,20.36
1525,2020-05-03,20.55
1526,2020-06-03,20.45
1527,2020-07-03,20.64
1528,2020-08-03,20.38
1529,2020-09-03,20.33
1530,2020-10-03,20.3
1531,2020-11-03,20.28
1532,2020-12-03,20.26
1533,2020-03-13,20.24
1534,2020-03-14,20.23
1535,2020-03-15,20.21
1536,2020-03-16,20.19
1537,2020-03-17,20.23
1538,2020-03-18,20.18
1539,2020-03-19,20.16
1540,2020-03-20,20.15
1541,2020-03-21,20.16
1542,2020-03-22,20.18
1543,2020-03-23,20.44
1544,2020-03-24,20.24
1545,2020-03-25,20.18
1546,2020-03-26,20.16
1547,2020-03-27,20.14
1548,2020-03-28,20.13
1549,2020-03-29,20.12
1550,2020-03-30,20.12
1551,2020-03-31,20.16
1552,2020-01-04,20.09
1553,2020-02-04,20.19
1554,2020-03-04,20.13
1555,2020-04-04,20.11
1556,2020-05-04,20.51
1557,2020-06-04,20.23
1558,2020-07-04,20.15
1559,2020-08-04,20.12
1560,2020-09-04,20.11
1561,2020-10-04,20.1
1562,2020-11-04,20.08
1563,2020-12-04,20.08
1564,2020-04-13,20.08
1565,2020-04-14,20.07
1566,2020-04-15,20.06
1567,2020-04-16,20.06
1568,2020-04-17,20.05
1569,2020-04-18,20.04
1570,2020-04-19,20.04
1571,2020-04-20,20.03
1572,2020-04-21,20.03
1573,2020-04-22,20.05
1574,2020-04-23,20.06
1575,2020-04-24,20.04
1576,2020-04-25,20.17
1577,2020-04-26,20.18
1578,2020-04-27,20.23
1579,2020-04-28,20.17
1580,2020-04-29,20.07
1581,2020-04-30,20.19
1582,2020-01-05,20.26
1583,2020-02-05,20.17
1584,2020-03-05,20.09
1585,2020-04-05,20.22
1586,2020-05-05,20.26
1587,2020-06-05,20.28
1588,2020-07-05,20.2
1589,2020-08-05,20.27
1590,2020-09-05,20.18
1591,2020-10-05,20.13
1592,2020-11-05,20.12
1593,2020-12-05,20.12
1594,2020-05-13,20.09
1595,2020-05-14,20.11
1596,2020-05-15,20.18
1597,2020-05-16,20.36
1598,2020-05-17,20.43
1599,2020-05-18,20.25
1600,2020-05-19,20.2
1601,2020-05-20,20.17
1602,2020-05-21,20.26
1603,2020-05-22,20.2
1604,2020-05-23,20.17
1605,2020-05-24,20.22
1606,2020-05-25,20.2
1607,2020-05-26,20.3
1608,2020-05-27,20.19
1609,2020-05-28,20.17
1610,2020-05-29,20.24
1611,2020-05-30,20.19
1612,2020-05-31,20.16
1613,2020-01-06,20.2
1614,2020-02-06,20.26
1615,2020-03-06,20.28
1616,2020-04-06,20.27
1617,2020-05-06,20.23
1618,2020-06-06,20.24
1619,2020-07-06,20.28
1620,2020-08-06,20.24
1621,2020-09-06,20.19
1622,2020-10-06,20.26
1623,2020-11-06,20.22
1624,2020-12-06,20.2
1625,2020-06-13,20.16
1626,2020-06-14,20.14
1627,2020-06-15,20.31
1628,2020-06-16,20.25
1629,2020-06-17,20.53
1630,2020-06-18,20.29
1631,2020-06-19,20.27
1632,2020-06-20,20.27
1633,2020-06-21,20.31
1634,2020-06-22,20.34
1635,2020-06-23,20.42
1636,2020-06-24,20.43
1637,2020-06-25,20.33
1638,2020-06-26,20.27
1639,2020-06-27,20.33
1640,2020-06-28,20.24
1641,2020-06-29,20.21
1642,2020-06-30,20.71
1643,2020-01-07,20.2
1644,2020-02-07,20.16
1645,2020-03-07,20.17
1646,2020-04-07,20.2
1647,2020-05-07,20.16
1648,2020-06-07,20.19
1649,2020-07-07,20.23
1650,2020-08-07,20.23
1651,2020-09-07,20.23
1652,2020-10-07,20.19
1653,2020-11-07,20.2
1654,2020-12-07,20.19
1655,2020-07-13,20.18
1656,2020-07-14,20.3
1657,2020-07-15,20.29
1658,2020-07-16,20.39
1659,2020-07-17,20.35
1660,2020-07-18,20.44
1661,2020-07-19,20.33
1662,2020-07-20,20.3
1663,2020-07-21,20.3
1664,2020-07-22,20.31
1665,2020-07-23,20.41
1666,2020-07-24,20.49
1667,2020-07-25,20.44
1668,2020-07-26,20.41
1669,2020-07-27,20.39
1670,2020-07-28,20.41
1671,2020-07-29,20.45
1672,2020-07-30,20.16
1673,2020-07-31,20.16
1674,2020-01-08,20.41
1675,2020-02-08,20.36
1676,2020-03-08,20.34
1677,2020-04-08,20.33
1678,2020-05-08,20.33
1679,2020-06-08,20.22
1680,2020-07-08,20.16
1681,2020-08-08,20.14
1682,2020-09-08,20.13
1683,2020-10-08,20.16
1684,2020-11-08,20.24
1685,2020-12-08,20.2
1686,2020-08-13,20.18
1687,2020-08-14,20.24
1688,2020-08-15,20.14
1689,2020-08-16,20.14
1690,2020-08-17,20.21
1691,2020-08-18,20.34
1692,2020-08-19,20.29
1693,2020-08-20,20.19
1694,2020-08-21,20.28
1695,2020-08-22,20.22
1696,2020-08-23,20.18
1697,2020-08-24,20.15
1698,2020-08-25,20.12
1699,2020-08-26,20.11
1700,2020-08-27,20.13
1701,2020-08-28,20.26
1702,2020-08-29,20.18
1703,2020-08-30,20.09
1704,2020-08-31,20.09
1705,2020-01-09,20.19
1706,2020-02-09,20.19
1707,2020-03-09,20.13
1708,2020-04-09,20.11
1709,2020-05-09,20.14
1710,2020-06-09,20.23
1711,2020-07-09,20.24
1712,2020-08-09,20.26
1713,2020-09-09,20.17
1714,2020-10-09,20.12
1715,2020-11-09,20.1
1716,2020-12-09,20.19
1717,2020-09-13,20.11
1718,2020-09-14,20.21
1719,2020-09-15,20.19
1720,2020-09-16,20.12
1721,2020-09-17,20.1
1722,2020-09-18,20.09
1723,2020-09-19,20.07
1724,2020-09-20,20.07
1725,2020-09-21,20.06
1726,2020-09-22,20.11
1727,2020-09-23,20.09
1728,2020-09-24,20.12
1729,2020-09-25,20.07
1730,2020-09-26,20.11
1731,2020-09-27,20.1
1732,2020-09-28,20.04
1733,2020-09-29,20.06
1734,2020-09-30,20.07
1735,2020-01-10,20.22
1736,2020-02-10,20.16
1737,2020-03-10,20.08
1738,2020-04-10,20.11
1739,2020-05-10,20.08
1740,2020-06-10,20.13
1741,2020-07-10,20.47
1742,2020-08-10,20.28
1743,2020-09-10,20.19
1744,2020-10-10,20.13
1745,2020-11-10,20.11
1746,2020-12-10,20.12
1747,2020-10-13,20.14
1748,2020-10-14,20.08
1749,2020-10-15,20.09
1750,2020-10-16,20.11
1751,2020-10-17,20.06
1752,2020-10-18,20.07
1753,2020-10-19,20.11
1754,2020-10-20,20.08
1755,2020-10-21,20.06
1756,2020-10-22,20.06
1757,2020-10-23,20.05
1758,2020-10-24,20.07
1759,2020-10-25,20.24
1760,2020-10-26,20.18
1761,2020-10-27,20.08
1762,2020-10-28,20.06
1763,2020-10-29,20.1
1764,2020-10-30,21.03
1765,2020-10-31,21.03
1766,2020-01-11,20.09
1767,2020-02-11,20.11
1768,2020-03-11,20.24
1769,2020-04-11,20.52
1770,2020-05-11,20.2
1771,2020-06-11,20.25
1772,2020-07-11,20.37
1773,2020-08-11,20.29
1774,2020-09-11,20.28
1775,2020-10-11,20.24
1776,2020-11-11,20.23
1777,2020-12-11,20.49
1778,2020-11-13,20.64
1779,2020-11-14,20.73
1780,2020-11-15,20.52
1781,2020-11-16,20.38
1782,2020-11-17,21.46
1783,2020-11-18,21.62
1784,2020-11-19,20.81
1785,2020-11-20,20.66
1786,2020-11-21,20.73
1787,2020-11-22,20.55
1788,2020-11-23,21.28
1789,2020-11-24,21.72
1790,2020-11-25,21.23
1791,2020-11-26,21.36
1792,2020-11-27,22.88
1793,2020-11-28,21.99
1794,2020-11-29,21.29
1795,2020-11-30,20.6
1796,2020-01-12,20.9
1797,2020-02-12,20.89
1798,2020-03-12,21.81
1799,2020-04-12,22.18
1800,2020-05-12,20.97
1801,2020-06-12,20.79
1802,2020-07-12,20.68
1803,2020-08-12,20.61
1804,2020-09-12,20.54
1805,2020-10-12,20.48
1806,2020-11-12,20.43
1807,2020-12-12,20.42
1808,2020-12-13,20.39
1809,2020-12-14,20.38
1810,2020-12-15,20.49
1811,2020-12-16,21.13
1812,2020-12-17,23.06
1813,2020-12-18,23.91
1814,2020-12-19,23.93
1815,2020-12-20,23.25
1816,2020-12-21,21.76
1817,2020-12-22,21.29
1818,2020-12-23,21.04
1819,2020-12-24,20.91
1820,2020-12-25,20.77
1821,2020-12-26,21.34
1822,2020-12-27,21.56
1823,2020-12-28,20.85
1824,2020-12-29,20.69
1825,2020-12-30,20.69
1826,2020-12-31,20.69
